"date","weighted","close","high","low","open","volume"
"2017-06-28 20:06:00","0.85","0.8494","1.406","0.6151","0.8812","76704.36"
"2017-06-29 20:06:00","0.93","0.9327","1.094","0.7516","0.9568","58808.83"
"2017-06-30 20:06:00","1.27","1.273","1.58","0.5361","0.9793","343235.29"
"2017-07-01 20:07:00","2.08","3","3.88","0.9455","1.05","7026243.78"
"2017-07-02 20:07:00","4.25","4.2","6.9","2.5","3","21951537.56"
"2017-07-03 20:07:00","3.31","3.24","4.45","2.56","4.2","18817513.89"
"2017-07-04 20:07:00","2.89","2.86","3.35","2.61","3.24","8117576.76"
"2017-07-05 20:07:00","3.26","3.23","3.55","2.83","2.86","10051055.11"
"2017-07-06 20:07:00","2.84","2.65","3.33","2.62","3.23","7465810.66"
"2017-07-07 20:07:00","2.36","2.37","2.76","2.05","2.65","8588127.54"
"2017-07-08 20:07:00","2.3","2.22","2.51","2.07","2.37","5414423.53"
"2017-07-09 20:07:00","1.88","1.7","2.25","1.44","2.22","7816152.14"
"2017-07-10 20:07:00","1.54","1.53","1.84","1.4","1.7","8732379.96"
"2017-07-11 20:07:00","1.73","1.96","2.07","1.41","1.53","6247001.72"
"2017-07-12 20:07:00","1.77","1.71","2.02","1.58","1.96","3892904.76"
"2017-07-13 20:07:00","1.56","1.51","1.71","1.46","1.71","3712786.63"
"2017-07-14 20:07:00","1.37","1.29","1.52","1.28","1.51","4110173.01"
"2017-07-15 20:07:00","1.22","1.22","1.37","1.12","1.29","3648786.36"
"2017-07-16 20:07:00","1.39","1.51","1.59","1.2","1.22","4910881.48"
"2017-07-17 20:07:00","1.61","1.67","1.78","1.44","1.51","5033825.27"
"2017-07-18 20:07:00","1.6","1.45","1.8","1.39","1.67","4576710.7"
"2017-07-19 20:07:00","1.66","1.71","1.79","1.41","1.45","3412364.43"
"2017-07-20 20:07:00","1.84","1.79","1.98","1.68","1.71","4266150.4"
"2017-07-21 20:07:00","1.94","2.03","2.08","1.77","1.79","3886531.34"
"2017-07-22 20:07:00","1.96","1.91","2.18","1.8","2.03","5162630.73"
"2017-07-23 20:07:00","1.89","1.9","1.99","1.81","1.91","3396305.02"
"2017-07-24 20:07:00","1.66","1.67","1.91","1.53","1.9","5017566.25"
"2017-07-25 20:07:00","1.58","1.66","1.74","1.49","1.67","4538640.43"
"2017-07-26 20:07:00","1.81","1.91","1.94","1.64","1.66","5308046.55"
"2017-07-27 20:07:00","1.89","1.8","1.98","1.77","1.91","5264663.52"
"2017-07-28 20:07:00","1.73","1.81","1.87","1.6","1.8","4810950.06"
"2017-07-29 20:07:00","1.77","1.79","1.89","1.69","1.81","3085982.59"
"2017-07-30 20:07:00","1.72","1.72","1.81","1.64","1.79","3919388.58"
"2017-07-31 20:07:00","1.75","1.77","1.83","1.68","1.72","5236301.31"
"2017-08-01 20:08:00","1.76","1.76","1.93","1.69","1.77","3549752.39"
"2017-08-02 20:08:00","1.75","1.78","1.81","1.69","1.76","2981679.87"
"2017-08-03 20:08:00","1.78","1.78","1.85","1.7","1.78","3395697.49"
"2017-08-04 20:08:00","1.84","1.86","1.96","1.72","1.78","5778221.2"
"2017-08-05 20:08:00","1.79","1.76","1.88","1.75","1.86","4030809"
"2017-08-06 20:08:00","1.77","1.83","1.87","1.7","1.76","5206772.94"
"2017-08-07 20:08:00","1.88","1.86","1.98","1.79","1.83","6442701.97"
"2017-08-08 20:08:00","1.85","1.82","1.98","1.78","1.86","4507591.73"
"2017-08-09 20:08:00","1.85","1.84","1.91","1.79","1.82","4646113.72"
"2017-08-10 20:08:00","1.8","1.76","1.87","1.7","1.84","6178302.06"
"2017-08-11 20:08:00","1.72","1.65","1.83","1.6","1.76","4966141.68"
"2017-08-12 20:08:00","1.6","1.59","1.69","1.51","1.65","5671503.7"
"2017-08-13 20:08:00","1.59","1.61","1.69","1.51","1.59","4853686.68"
"2017-08-14 20:08:00","1.64","1.62","1.72","1.57","1.61","5240985.67"
"2017-08-15 20:08:00","1.59","1.59","1.64","1.55","1.62","4261201.18"
"2017-08-16 20:08:00","1.53","1.52","1.61","1.49","1.59","5121019.91"
"2017-08-17 20:08:00","1.45","1.4","1.53","1.35","1.52","4806175.24"
"2017-08-18 20:08:00","1.37","1.39","1.44","1.29","1.4","3802323.95"
"2017-08-19 20:08:00","1.37","1.36","1.42","1.33","1.39","3418818.62"
"2017-08-20 20:08:00","1.35","1.33","1.39","1.31","1.36","4382936.64"
"2017-08-21 20:08:00","1.27","1.27","1.33","1.24","1.33","4568631.88"
"2017-08-22 20:08:00","1.42","1.42","1.54","1.26","1.27","8702128.78"
"2017-08-23 20:08:00","1.37","1.37","1.42","1.33","1.42","3807187.79"
"2017-08-24 20:08:00","1.37","1.37","1.44","1.33","1.37","4134960.74"
"2017-08-25 20:08:00","1.36","1.36","1.39","1.33","1.37","3183819.08"
"2017-08-26 20:08:00","1.34","1.34","1.38","1.32","1.36","3134463.2"
"2017-08-27 20:08:00","1.33","1.33","1.36","1.29","1.34","3538019.21"
"2017-08-28 20:08:00","1.34","1.32","1.38","1.31","1.33","4410672.73"
"2017-08-29 20:08:00","1.29","1.25","1.35","1.22","1.32","5856106.4"
"2017-08-30 20:08:00","1.31","1.34","1.35","1.25","1.25","6523912.58"
"2017-08-31 20:08:00","1.31","1.32","1.35","1.28","1.34","5539771.2"
"2017-09-01 20:09:00","1.31","1.24","1.44","1.19","1.32","5435995.92"
"2017-09-02 20:09:00","1.27","1.3","1.33","1.21","1.24","4887793.51"
"2017-09-03 20:09:00","1.03","0.9142","1.3","0.8219","1.3","11774351.97"
"2017-09-04 20:09:00","0.85","0.923","0.9777","0.7502","0.9142","7729943.79"
"2017-09-05 20:09:00","0.96","0.9106","1.16","0.856","0.923","11989392.88"
"2017-09-06 20:09:00","0.94","0.9828","1.02","0.852","0.9106","10287229.43"
"2017-09-07 20:09:00","0.87","0.8421","0.9912","0.7804","0.9828","8815302.19"
"2017-09-08 20:09:00","0.8","0.8174","0.8487","0.7577","0.8421","3424553.48"
"2017-09-09 20:09:00","0.74","0.745","0.8193","0.6992","0.8174","3960901.73"
"2017-09-10 20:09:00","0.73","0.735","0.764","0.7101","0.745","2765708.94"
"2017-09-11 20:09:00","0.8","0.859","0.8944","0.729","0.735","6731634.24"
"2017-09-12 20:09:00","0.73","0.7272","0.8595","0.6603","0.859","5613781.61"
"2017-09-13 20:09:00","0.66","0.5806","0.7642","0.5207","0.7272","6929316.48"
"2017-09-14 20:09:00","0.6","0.6511","0.6782","0.5149","0.5806","4543809.26"
"2017-09-15 20:09:00","0.64","0.624","0.6798","0.5781","0.6511","2166344.11"
"2017-09-16 20:09:00","0.61","0.6233","0.649","0.5678","0.624","3524669.55"
"2017-09-17 20:09:00","0.67","0.7049","0.7075","0.6229","0.6233","3151410.08"
"2017-09-18 20:09:00","0.67","0.6493","0.7128","0.6465","0.7049","2555517.93"
"2017-09-19 20:09:00","0.64","0.6166","0.6673","0.6152","0.6493","3416422.01"
"2017-09-20 20:09:00","0.58","0.5671","0.6293","0.5434","0.6166","4113626.28"
"2017-09-21 20:09:00","0.56","0.5659","0.5793","0.5312","0.5671","2609360.26"
"2017-09-22 20:09:00","0.58","0.578","0.6048","0.5579","0.5659","2705869.15"
"2017-09-23 20:09:00","0.56","0.5454","0.5861","0.5415","0.578","3208145.88"
"2017-09-24 20:09:00","0.56","0.5688","0.5779","0.5245","0.5454","3122841.2"
"2017-09-25 20:09:00","0.57","0.5614","0.5854","0.5511","0.5688","3111743.37"
"2017-09-26 20:09:00","0.61","0.6314","0.6438","0.5569","0.5614","6093032.08"
"2017-09-27 20:09:00","0.74","0.8085","0.8237","0.6292","0.6314","11634404.43"
"2017-09-28 20:09:00","0.74","0.7146","0.8435","0.6979","0.8085","8597897.39"
"2017-09-29 20:09:00","0.73","0.7274","0.7585","0.7061","0.7146","4603840.56"
"2017-09-30 20:09:00","0.7","0.7085","0.7285","0.6631","0.7274","3774630.91"
"2017-10-01 20:10:00","0.67","0.6549","0.719","0.6331","0.7085","3348450.08"
"2017-10-02 20:10:00","0.63","0.6308","0.669","0.6057","0.6549","2841163.42"
"2017-10-03 20:10:00","0.61","0.6008","0.6347","0.5829","0.6308","2556541.61"
"2017-10-04 20:10:00","0.6","0.6054","0.6214","0.5752","0.6008","3418564.64"
"2017-10-05 20:10:00","0.6","0.6005","0.61","0.5862","0.6054","2401400.39"
"2017-10-06 20:10:00","0.59","0.5895","0.6075","0.5712","0.6005","2213861.98"
"2017-10-07 20:10:00","0.59","0.606","0.6174","0.5754","0.5895","3004729.56"
"2017-10-08 20:10:00","0.57","0.558","0.6061","0.5248","0.606","3385306.22"
"2017-10-09 20:10:00","0.56","0.552","0.5892","0.5474","0.558","3287961.06"
"2017-10-10 20:10:00","0.58","0.6076","0.6278","0.5468","0.552","4345919.43"
"2017-10-11 20:10:00","0.61","0.5947","0.642","0.5814","0.6076","4340594.62"
"2017-10-12 20:10:00","0.59","0.5872","0.6169","0.5483","0.5947","4042813.81"
"2017-10-13 20:10:00","0.6","0.5836","0.6185","0.5768","0.5872","3466288.99"
"2017-10-14 20:10:00","0.57","0.5738","0.5918","0.5629","0.5836","2788497.74"
"2017-10-15 20:10:00","0.57","0.5608","0.5853","0.5593","0.574","2371426.02"
"2017-10-16 20:10:00","0.56","0.5501","0.5675","0.5374","0.5612","2552997.97"
"2017-10-17 20:10:00","0.53","0.5432","0.5679","0.511","0.5519","3082220.69"
"2017-10-18 20:10:00","0.57","0.5663","0.5946","0.5424","0.5434","3901100.2"
"2017-10-19 20:10:00","0.56","0.5395","0.5888","0.5395","0.5665","2991733.32"
"2017-10-20 20:10:00","0.52","0.5284","0.541","0.5122","0.5396","3480635.19"
"2017-10-21 20:10:00","0.52","0.5192","0.5415","0.4979","0.5282","2365226.73"
"2017-10-22 20:10:00","0.5","0.4924","0.5239","0.4793","0.5189","3006265.54"
"2017-10-23 20:10:00","0.52","0.5176","0.5512","0.4776","0.4925","3087091.81"
"2017-10-24 20:10:00","0.51","0.5041","0.5278","0.4856","0.5173","2290713.74"
"2017-10-25 20:10:00","0.52","0.5189","0.5284","0.5023","0.5038","2126872.46"
"2017-10-26 20:10:00","0.51","0.5213","0.5237","0.5011","0.5189","1868391.94"
"2017-10-27 20:10:00","0.53","0.5339","0.5409","0.5165","0.5218","2171490.01"
"2017-10-28 20:10:00","0.61","0.6668","0.6793","0.5327","0.5336","8282721.68"
"2017-10-29 20:10:00","0.7","0.7125","0.747","0.6409","0.6671","9021667.54"
"2017-10-30 20:10:00","0.71","0.7826","0.7826","0.6676","0.7125","6841174.51"
"2017-10-31 20:10:00","0.97","1.05","1.33","0.7522","0.7822","35716244.25"
"2017-11-01 20:11:00","1.09","1.11","1.3","0.916","1.05","34049392.94"
"2017-11-02 20:11:00","1.25","1.2","1.42","1.06","1.11","31281541.72"
"2017-11-03 20:11:00","1.17","1.11","1.3","1.04","1.2","20190363.92"
"2017-11-04 20:11:00","1.06","1.09","1.18","0.973","1.11","15041656.12"
"2017-11-05 19:11:00","1","0.9124","1.09","0.9015","1.09","13562909.56"
"2017-11-06 19:11:00","0.95","0.9518","0.9937","0.9107","0.9123","7388368.45"
"2017-11-07 19:11:00","1.09","1.12","1.19","0.9434","0.9517","18144083.77"
"2017-11-08 19:11:00","1.17","1.18","1.21","1.12","1.12","10712325.57"
"2017-11-09 19:11:00","1.07","1.03","1.19","0.9844","1.18","11005764.55"
"2017-11-10 19:11:00","1.09","1.16","1.19","1","1.03","10015980.14"
"2017-11-11 19:11:00","1.11","1.09","1.19","1.02","1.16","9319549.91"
"2017-11-12 19:11:00","1.15","1.18","1.19","1.08","1.09","7492603.26"
"2017-11-13 19:11:00","1.49","1.68","1.69","1.18","1.18","31284841.35"
"2017-11-14 19:11:00","1.62","1.67","1.73","1.51","1.68","25979233.82"
"2017-11-15 19:11:00","1.73","1.67","1.87","1.56","1.67","29287595.29"
"2017-11-16 19:11:00","1.69","1.74","1.82","1.58","1.67","20311991.16"
"2017-11-17 19:11:00","1.82","1.92","1.99","1.65","1.74","21390803.43"
"2017-11-18 19:11:00","1.92","1.88","2.06","1.75","1.91","21388039.1"
"2017-11-19 19:11:00","1.96","1.99","2.05","1.83","1.88","19143342.43"
"2017-11-20 19:11:00","1.94","1.91","2.12","1.84","1.99","23733914.02"
"2017-11-21 19:11:00","1.88","1.89","1.99","1.76","1.91","17831198.41"
"2017-11-22 19:11:00","1.91","1.88","1.98","1.85","1.89","15119870.32"
"2017-11-23 19:11:00","1.83","1.88","1.91","1.71","1.88","13361558.47"
"2017-11-24 19:11:00","1.9","2.05","2.07","1.78","1.88","15220203.42"
"2017-11-25 19:11:00","2.22","2.46","2.71","1.93","2.05","3390936.39"
"2017-11-26 19:11:00","2.7","2.86","2.96","2.35","2.46","36932451.4"
"2017-11-27 19:11:00","2.89","2.76","3.06","2.71","2.86","33310024.44"
"2017-11-28 19:11:00","2.89","2.71","3.36","2.48","2.76","41887552.21"
"2017-11-29 19:11:00","2.74","2.84","2.98","2.44","2.71","30681545.65"
"2017-11-30 19:11:00","2.94","3.22","3.25","2.69","2.84","22754467.18"
"2017-12-01 19:12:00","3.56","3.91","3.98","3.16","3.22","43225605.83"
"2017-12-02 19:12:00","3.84","3.58","4.12","3.4","3.91","37420561.59"
"2017-12-03 19:12:00","3.82","4.04","4.2","3.41","3.58","41289807.11"
"2017-12-04 19:12:00","4.09","4.19","4.57","3.65","4.04","69064180.17"
"2017-12-05 19:12:00","4.58","4.47","5.12","4.16","4.19","68301459.18"
"2017-12-06 19:12:00","3.89","3.89","4.47","3.28","4.47","59402340.63"
"2017-12-07 19:12:00","4.06","4.22","4.5","3.53","3.89","39526763.69"
"2017-12-08 19:12:00","4.1","3.98","4.63","3.68","4.22","39182987.65"
"2017-12-09 19:12:00","3.66","3.67","4.01","3.4","3.98","26372941.65"
"2017-12-10 19:12:00","4.13","4.39","4.48","3.65","3.67","44205898.48"
"2017-12-11 19:12:00","4.96","5.08","5.88","4.23","4.39","69445612.68"
"2017-12-12 19:12:00","6.21","7.28","7.28","4.69","5.08","208583796.48"
"2017-12-13 19:12:00","7.89","8.2","8.7","7.04","7.28","175990593.97"
"2017-12-14 19:12:00","7.53","7.93","8.36","6.52","8.2","114730452.82"
"2017-12-15 19:12:00","8.63","8.35","9.29","7.89","7.93","103287522.15"
"2017-12-16 19:12:00","8.25","7.97","8.99","7.81","8.35","65294868.06"
"2017-12-17 19:12:00","8.1","8.88","8.97","7.22","7.97","87399002.01"
"2017-12-18 19:12:00","10.55","11.49","12.49","8.65","8.88","308476717.31"
"2017-12-19 19:12:00","10.65","10.44","11.7","9.69","11.49","100087015.98"
"2017-12-20 19:12:00","10.77","10.64","11.85","9.71","10.45","102539472.6"
"2017-12-21 19:12:00","7.58","7.69","10.66","3.14","10.65","233409143.81"
"2017-12-22 19:12:00","8.61","8.26","9.25","7.48","7.69","73949389.9"
"2017-12-23 19:12:00","7.59","7.99","8.42","6.71","8.26","51606674.53"
"2017-12-24 19:12:00","8.2","8.15","8.83","7.62","7.99","30585091.05"
"2017-12-25 19:12:00","8.36","8.6","8.71","8.05","8.15","39825469.76"
"2017-12-26 19:12:00","8.77","8.72","9.41","8.06","8.6","45882343.74"
"2017-12-27 19:12:00","7.88","8.1","8.76","7.26","8.72","37397942.8"
"2017-12-28 19:12:00","8.31","8.12","8.73","7.9","8.1","33063363.07"
"2017-12-29 19:12:00","7.21","7.08","8.19","6.52","8.12","39561494.38"
"2017-12-30 19:12:00","7.42","7.69","7.82","7","7.08","17720129.43"
"2017-12-31 19:12:00","7.6","7.64","7.95","7.2","7.69","16182124.81"
"2018-01-01 19:01:00","8.17","8.3","8.6","7.63","7.64","37943548.37"
"2018-01-02 19:01:00","8.42","9.43","9.43","7.84","8.3","36750566.6"
"2018-01-03 19:01:00","9.74","9.47","10.49","9.15","9.43","68944379.74"
"2018-01-04 19:01:00","9.03","9.29","9.85","8.51","9.47","39367702.71"
"2018-01-05 19:01:00","9.41","9.83","9.9","8.73","9.29","29054146.06"
"2018-01-06 19:01:00","10.2","10.16","10.89","9.76","9.83","38918502.73"
"2018-01-07 19:01:00","9.35","9.6","10.39","8.14","10.16","46591820.4"
"2018-01-08 19:01:00","9.35","9.23","9.74","8.8","9.6","20872868.4"
"2018-01-09 19:01:00","10.24","11.2","11.49","8.37","9.23","86012294.9"
"2018-01-10 19:01:00","10.77","11.27","12.46","8.91","11.2","115951605.7"
"2018-01-11 19:01:00","13.36","13.8","15.24","10.57","11.27","175879710.07"
"2018-01-12 19:01:00","16.42","16","18.67","13.43","13.8","294136188.45"
"2018-01-13 19:01:00","14.25","13.23","16.13","12.9","16","98670786.6"
"2018-01-14 19:01:00","13.67","12.78","14.7","12.68","13.23","61599316.88"
"2018-01-15 19:01:00","10.63","10","12.98","8.31","12.78","158929640.74"
"2018-01-16 19:01:00","9.03","10.15","10.56","7.5","10","103387986.52"
"2018-01-17 19:01:00","10.5","10.18","11.47","9.65","10.15","60490149.99"
"2018-01-18 19:01:00","10.59","11.07","11.43","9.74","10.18","48673168.94"
"2018-01-19 19:01:00","13.75","15.53","15.75","11.04","11.07","144827267.67"
"2018-01-20 19:01:00","13.42","13.47","15.57","12","15.51","149233104.28"
"2018-01-21 19:01:00","13.67","13.38","15.14","12.45","13.47","162529908.43"
"2018-01-22 19:01:00","12.91","12.88","13.92","11.6","13.38","117889152.87"
"2018-01-23 19:01:00","13.2","13.9","13.97","12.51","12.88","58178915.62"
"2018-01-24 19:01:00","14.25","14.25","15.09","13.47","13.9","90728372.99"
"2018-01-25 19:01:00","13.85","14.24","14.8","12.81","14.25","74893464.87"
"2018-01-26 19:01:00","14.33","14.38","14.74","13.86","14.24","38578052.18"
"2018-01-27 19:01:00","14.47","14.75","14.97","14.09","14.38","46763405.28"
"2018-01-28 19:01:00","13.87","13.54","14.85","13.3","14.75","47827947.18"
"2018-01-29 19:01:00","12.12","11.35","13.6","10.87","13.54","99688763.26"
"2018-01-30 19:01:00","11.32","11.98","12.25","10.31","11.36","63633373.23"
"2018-01-31 19:01:00","10.57","10.03","12.17","9.75","11.98","85914653.99"
"2018-02-01 19:02:00","9.54","10.23","11.09","8.41","10.03","106403040.92"
"2018-02-02 19:02:00","10.38","10.64","11.25","9.15","10.23","50876511.6"
"2018-02-03 19:02:00","9.54","8.89","10.85","8.38","10.64","49886702.28"
"2018-02-04 19:02:00","7.83","7.06","9.3","6.82","8.89","72469479.31"
"2018-02-05 19:02:00","6.95","8.29","8.47","5.8","7.06","81791456.01"
"2018-02-06 19:02:00","8.23","7.67","8.97","7.38","8.29","56898859.72"
"2018-02-07 19:02:00","8.34","8.31","8.79","7.64","7.67","41479525.75"
"2018-02-08 19:02:00","8.77","9.48","9.61","7.93","8.31","39613927.91"
"2018-02-09 19:02:00","9.19","8.9","9.9","8.4","9.48","37909871.52"
"2018-02-10 19:02:00","8.42","8.33","8.92","7.96","8.9","25248958.01"
"2018-02-11 19:02:00","8.94","9.13","9.35","8.33","8.33","34662763.96"
"2018-02-12 19:02:00","8.87","8.94","9.2","8.54","9.13","23890849.49"
"2018-02-13 19:02:00","9.42","9.85","9.92","8.94","8.94","38404990.7"
"2018-02-14 19:02:00","9.84","9.84","10.12","9.45","9.85","36626120.76"
"2018-02-15 19:02:00","9.64","9.84","9.95","9.34","9.84","27955640.04"
"2018-02-16 19:02:00","9.93","10.02","10.06","9.73","9.84","27896156.77"
"2018-02-17 19:02:00","9.44","9.06","10.05","8.9","10.02","39063214.68"
"2018-02-18 19:02:00","9.42","9.49","9.65","9.02","9.06","23899754.14"
"2018-02-19 19:02:00","9.4","8.88","9.8","8.78","9.49","28805936.68"
"2018-02-20 19:02:00","8.5","8.34","8.93","8.09","8.88","30234547.79"
"2018-02-21 19:02:00","7.99","7.78","8.65","7.58","8.34","35995904.22"
"2018-02-22 19:02:00","8.14","8.26","8.53","7.61","7.78","29409230.26"
"2018-02-23 19:02:00","7.98","7.9","8.46","7.62","8.26","24487295.1"
"2018-02-24 19:02:00","7.72","7.69","7.96","7.47","7.9","20366252.27"
"2018-02-25 19:02:00","7.79","7.99","8.33","7.39","7.69","30728075.82"
"2018-02-26 19:02:00","8.38","8.39","8.83","7.86","7.99","32077140.41"
"2018-02-27 19:02:00","8.62","8.19","9.13","8.17","8.39","25382716.41"
"2018-02-28 19:02:00","8.35","8.55","8.57","8.09","8.19","17311442.45"
"2018-03-01 19:03:00","8.17","8.02","8.7","7.92","8.55","19563191.3"
"2018-03-02 19:03:00","8.05","7.92","8.28","7.87","8.02","11394964.29"
"2018-03-03 19:03:00","7.9","8.15","8.16","7.74","7.92","15892301.89"
"2018-03-04 19:03:00","8.12","7.95","8.29","7.94","8.15","12477673.7"
"2018-03-05 19:03:00","7.36","7.13","7.95","7.02","7.95","30257108.8"
"2018-03-06 19:03:00","6.62","6.43","7.29","5.95","7.13","60872863.62"
"2018-03-07 19:03:00","6.26","6.1","6.7","5.88","6.43","31117578.15"
"2018-03-08 19:03:00","5.64","6.02","6.18","5.21","6.1","54802035.63"
"2018-03-09 19:03:00","6.03","5.64","6.45","5.61","6.02","34772317.71"
"2018-03-10 19:03:00","5.81","6.04","6.2","5.41","5.64","26935027.41"
"2018-03-11 20:03:00","5.87","5.72","6.18","5.58","6.04","23819476.76"
"2018-03-12 20:03:00","5.77","5.79","5.94","5.54","5.72","22139945.27"
"2018-03-13 20:03:00","5.43","5.28","6.03","5.16","5.79","22907530.7"
"2018-03-14 20:03:00","5.05","5.12","5.33","4.79","5.28","37002691.75"
"2018-03-15 20:03:00","5.12","5.04","5.32","4.86","5.12","19975948.01"
"2018-03-16 20:03:00","4.84","4.63","5.09","4.53","5.04","18106075.67"
"2018-03-17 20:03:00","4.3","4.62","4.77","3.89","4.63","49194100.38"
"2018-03-18 20:03:00","5.19","6.18","6.26","4.52","4.62","77909968.02"
"2018-03-19 20:03:00","5.89","5.93","6.35","5.34","6.18","84203796.73"
"2018-03-20 20:03:00","6.44","6.9","7.28","5.84","5.93","89502747.28"
"2018-03-21 20:03:00","6.74","6.89","7.25","6.14","6.9","96445849.18"
"2018-03-22 20:03:00","6.67","6.94","7.07","6.22","6.89","82632857.83"
"2018-03-23 20:03:00","6.85","6.51","7.08","6.48","6.94","42126043.73"
"2018-03-24 20:03:00","6.53","6.43","6.67","6.37","6.51","25159269.81"
"2018-03-25 20:03:00","5.75","5.78","6.51","5.26","6.43","89497826.59"
"2018-03-26 20:03:00","5.83","5.8","6.52","5.18","5.78","109861151.91"
"2018-03-27 20:03:00","6.12","6.2","6.5","5.62","5.8","49373112.57"
"2018-03-28 20:03:00","5.98","5.88","6.29","5.75","6.2","69581065.49"
"2018-03-29 20:03:00","5.91","6.01","6.18","5.7","5.88","60017503.51"
"2018-03-30 20:03:00","6.03","5.93","6.16","5.86","6.01","24496899.27"
"2018-03-31 20:03:00","5.54","5.6","5.99","5.12","5.93","48725464.24"
"2018-04-01 20:04:00","5.7","5.82","5.9","5.5","5.6","27703153.86"
"2018-04-02 20:04:00","5.94","6.02","6.15","5.74","5.82","26234452.76"
"2018-04-03 20:04:00","5.74","5.67","6.07","5.5","6.02","23165677.78"
"2018-04-04 20:04:00","5.95","6.33","6.41","5.41","5.67","51809541.01"
"2018-04-05 20:04:00","5.93","5.84","6.38","5.67","6.33","52669141.86"
"2018-04-06 20:04:00","5.92","5.9","6.01","5.78","5.84","15067894.52"
"2018-04-07 20:04:00","5.93","5.98","6.02","5.84","5.9","12273126.11"
"2018-04-08 20:04:00","5.89","5.86","6.09","5.75","5.98","22941517.6"
"2018-04-09 20:04:00","5.95","6","6.08","5.75","5.86","20718978.25"
"2018-04-10 20:04:00","7.49","8.52","8.9","5.97","6","217616413.57"
"2018-04-11 20:04:00","8.7","8.83","9.28","7.86","8.52","234863030.83"
"2018-04-12 20:04:00","9.1","8.82","9.57","8.6","8.83","135286684.31"
"2018-04-13 20:04:00","8.57","8.71","9.23","8.11","8.82","81661653.57"
"2018-04-14 20:04:00","8.37","8.53","8.81","7.81","8.71","80533722.5"
"2018-04-15 20:04:00","8.1","8.12","8.53","7.81","8.53","61235004.13"
"2018-04-16 20:04:00","8.7","8.5","9.1","8.09","8.12","83929179.7"
"2018-04-17 20:04:00","8.87","9.04","9.23","8.45","8.5","62447868.17"
"2018-04-18 20:04:00","9.18","9.48","9.48","8.9","9.04","63223176.37"
"2018-04-19 20:04:00","10.56","11.45","11.7","9.46","9.48","207249542.48"
"2018-04-20 20:04:00","10.9","11.14","11.63","10.22","11.45","128491247.09"
"2018-04-21 20:04:00","11.47","11.3","11.88","10.75","11.14","127952499.95"
"2018-04-22 20:04:00","11.59","11.62","12.03","11.23","11.3","93683579.38"
"2018-04-23 20:04:00","13.97","15.11","16.14","11.61","11.62","451361989.69"
"2018-04-24 20:04:00","14.42","14.46","15.52","13.37","15.11","414467803.86"
"2018-04-25 20:04:00","14.73","15.44","15.59","13.85","14.46","180832731.13"
"2018-04-26 20:04:00","16.44","16.61","17.9","14.77","15.44","268945990.98"
"2018-04-27 20:04:00","18.47","18.78","19.49","16.44","16.61","336795670.37"
"2018-04-28 20:04:00","20.68","21.41","23.02","18.74","18.78","535736275.69"
"2018-04-29 20:04:00","18.28","17.46","21.64","16.52","21.41","475578188.19"
"2018-04-30 20:04:00","17.19","18.74","19.03","15.92","17.46","337742031.62"
"2018-05-01 20:05:00","18.79","19.23","19.62","18.18","18.74","243458284.88"
"2018-05-02 20:05:00","17.93","17.67","19.35","16.86","19.23","241714019.61"
"2018-05-03 20:05:00","17.13","17.05","18.04","16.24","17.67","146875689.53"
"2018-05-04 20:05:00","18.1","17.77","18.65","17.02","17.05","132491229.59"
"2018-05-05 20:05:00","17.29","17.39","17.99","16.55","17.77","132244229.86"
"2018-05-06 20:05:00","17.63","17.8","18.42","16.62","17.39","200543250.56"
"2018-05-07 20:05:00","18.23","17.96","18.96","17.68","17.8","139276323.89"
"2018-05-08 20:05:00","17.55","17.79","18.09","16.99","17.96","117484283.8"
"2018-05-09 20:05:00","18.03","17.32","18.75","17.32","17.79","144278684.46"
"2018-05-10 20:05:00","15.29","14.82","17.65","13.92","17.32","447646972.89"
"2018-05-11 20:05:00","13.54","13.95","15.14","12.07","14.82","360573041.14"
"2018-05-12 20:05:00","14.28","14.59","15.12","13.41","13.95","152739698.54"
"2018-05-13 20:05:00","13.89","13.8","14.72","12.94","14.59","180775937.51"
"2018-05-14 20:05:00","13.37","12.8","14.39","12.4","13.8","129442284.81"
"2018-05-15 20:05:00","12.27","12.67","13.07","11.83","12.8","142718703.72"
"2018-05-16 20:05:00","13.02","12.23","13.95","12","12.67","168428381.37"
"2018-05-17 20:05:00","12.5","12.91","13.2","11.91","12.23","151794322.76"
"2018-05-18 20:05:00","12.9","13.12","13.34","12.47","12.91","65206856.65"
"2018-05-19 20:05:00","13.7","13.95","14.19","12.93","13.12","98996985.58"
"2018-05-20 20:05:00","13.56","13.43","14.16","13.11","13.95","76406114.34"
"2018-05-21 20:05:00","12.7","12.11","13.45","11.94","13.43","118984066.87"
"2018-05-22 20:05:00","11.26","10.67","12.34","10.46","12.11","215642423.66"
"2018-05-23 20:05:00","11.49","12.75","12.88","10.34","10.67","211297651.98"
"2018-05-24 20:05:00","12.13","12.18","12.79","11.56","12.75","147302302.14"
"2018-05-25 20:05:00","12.46","12.21","12.87","11.85","12.18","84823677.05"
"2018-05-26 20:05:00","12.28","12.44","12.57","11.94","12.21","71218985.56"
"2018-05-27 20:05:00","12.05","11.51","12.98","11.3","12.44","149549332.56"
"2018-05-28 20:05:00","11.57","12.14","12.49","10.71","11.51","204657987"
"2018-05-29 20:05:00","12.08","11.88","12.64","11.68","12.14","120999468.38"
"2018-05-30 20:05:00","12.3","12.23","12.7","11.82","11.88","93351499.27"
"2018-05-31 20:05:00","12.13","12.23","12.35","11.89","12.23","89582640.54"
"2018-06-01 20:06:00","14.17","14.62","15.54","12.11","12.23","337464603.26"
"2018-06-02 20:06:00","14.74","14.52","15.42","14.25","14.62","172102428.69"
"2018-06-03 20:06:00","13.76","13.43","14.86","13.25","14.52","151008581.27"
"2018-06-04 20:06:00","13.63","14.15","14.28","12.84","13.43","146102109.05"
"2018-06-05 20:06:00","13.84","13.91","14.27","13.34","14.15","102696368.25"
"2018-06-06 20:06:00","14.09","14.6","14.62","13.67","13.91","108074992.95"
"2018-06-07 20:06:00","14.07","14.01","14.79","13.56","14.6","144020309.69"
"2018-06-08 20:06:00","14.48","14.11","14.97","13.96","14.01","122397842.21"
"2018-06-09 20:06:00","12.03","11.01","14.11","10.05","14.11","360036842.92"
"2018-06-10 20:06:00","10.91","11.3","11.44","10.41","11.01","138303311.14"
"2018-06-11 20:06:00","10.38","9.98","11.32","9.59","11.3","104367792.9"
"2018-06-12 20:06:00","9.8","10","10.31","9.1","9.98","136455160.27"
"2018-06-13 20:06:00","10.59","11.25","11.65","9.44","10","167905845.78"
"2018-06-14 20:06:00","10.82","10.54","11.25","10.36","11.25","101312867.45"
"2018-06-15 20:06:00","10.5","10.54","10.81","10.12","10.54","69258904.92"
"2018-06-16 20:06:00","10.5","10.34","10.75","10.27","10.54","35757903.9"
"2018-06-17 20:06:00","10.46","10.73","10.91","10.13","10.34","56960426.2"
"2018-06-18 20:06:00","10.63","10.7","10.91","10.45","10.73","45322164.7"
"2018-06-19 20:06:00","10.45","10.43","10.84","10.2","10.7","62478883.41"
"2018-06-20 20:06:00","10.52","10.41","10.88","10.18","10.43","47935977.53"
"2018-06-21 20:06:00","8.99","8.53","10.45","8.24","10.41","167733079.47"
"2018-06-22 20:06:00","8.31","8.37","8.78","8.02","8.52","62386555.8"
"2018-06-23 20:06:00","7.55","8.05","8.44","6.9","8.37","185123451.75"
"2018-06-24 20:06:00","8.09","8.18","8.49","7.71","8.05","86951796.17"
"2018-06-25 20:06:00","7.82","7.36","8.25","7.34","8.18","73956325.25"
"2018-06-26 20:06:00","7.76","7.99","8.26","7.26","7.36","78775579.4"
"2018-06-27 20:06:00","7.67","7.38","8.07","7.3","7.99","61912498.15"
"2018-06-28 20:06:00","7.41","7.75","7.96","7.04","7.38","74229595.75"
"2018-06-29 20:06:00","8.07","8.12","8.32","7.75","7.75","64315477.49"
"2018-06-30 20:06:00","8.03","8.13","8.25","7.77","8.12","35793533.43"
"2018-07-01 20:07:00","8.67","8.98","9.19","7.91","8.13","94478199.09"
"2018-07-02 20:07:00","9.07","8.81","9.44","8.72","8.98","93408111.24"
"2018-07-03 20:07:00","8.98","8.91","9.43","8.52","8.81","65182768.62"
"2018-07-04 20:07:00","8.93","8.85","9.2","8.67","8.91","60729345.72"
"2018-07-05 20:07:00","8.57","8.63","8.88","8.32","8.85","52986545.87"
"2018-07-06 20:07:00","8.61","8.86","8.93","8.38","8.63","31370501.49"
"2018-07-07 20:07:00","8.83","8.71","9.01","8.69","8.86","30583818.12"
"2018-07-08 20:07:00","8.18","7.69","8.74","7.43","8.71","68205938.23"
"2018-07-09 20:07:00","7.43","7.14","7.79","7.06","7.69","91033193.22"
"2018-07-10 20:07:00","7.04","7.16","7.41","6.76","7.14","66979170.44"
"2018-07-11 20:07:00","6.76","6.92","7.17","6.56","7.16","64342083.2"
"2018-07-12 20:07:00","7","6.9","7.24","6.69","6.92","51379058"
"2018-07-13 20:07:00","6.95","6.94","7.1","6.79","6.9","27473391.95"
"2018-07-14 20:07:00","7.25","7.4","7.52","6.88","6.94","42787961.69"
"2018-07-15 20:07:00","7.77","8.1","8.18","7.24","7.4","76490740.61"
"2018-07-16 20:07:00","8.41","8.78","8.98","7.84","8.1","95076480.8"
"2018-07-17 20:07:00","8.9","8.6","9.35","8.45","8.78","98469960.9"
"2018-07-18 20:07:00","8.42","8.42","8.75","8.15","8.6","71205514.02"
"2018-07-19 20:07:00","8.15","7.85","8.55","7.71","8.42","97634360.05"
"2018-07-20 20:07:00","7.96","8","8.25","7.59","7.85","39094893.7"
"2018-07-21 20:07:00","8.03","7.85","8.29","7.7","8","44665914.18"
"2018-07-22 20:07:00","8.1","7.93","8.43","7.79","7.85","65286043.08"
"2018-07-23 20:07:00","8.29","8.59","8.69","7.71","7.93","91887949.02"
"2018-07-24 20:07:00","8.65","8.53","8.96","8.36","8.59","67572226.16"
"2018-07-25 20:07:00","8.54","8.31","8.87","8.2","8.53","51581216.29"
"2018-07-26 20:07:00","8.26","8.43","8.53","8.02","8.31","53830349.34"
"2018-07-27 20:07:00","8.29","8.37","8.45","8.13","8.43","19985772.88"
"2018-07-28 20:07:00","8.29","8.34","8.46","8.14","8.37","18503121.08"
"2018-07-29 20:07:00","7.85","7.74","8.35","7.42","8.34","71349159.35"
"2018-07-30 20:07:00","7.34","7.33","7.74","7.1","7.74","53652729.46"
"2018-07-31 20:07:00","7.15","7.23","7.41","6.82","7.33","55559957.14"
"2018-08-01 20:08:00","7.08","7.02","7.33","6.9","7.23","37020891.02"
"2018-08-02 20:08:00","7.05","7.18","7.25","6.84","7.02","34342751.45"
"2018-08-03 20:08:00","7.06","6.98","7.3","6.88","7.18","24147281.7"
"2018-08-04 20:08:00","7.01","7.03","7.11","6.89","6.98","18779402.1"
"2018-08-05 20:08:00","7.02","7.06","7.16","6.94","7.03","19719770.88"
"2018-08-06 20:08:00","6.89","6.57","7.23","6.5","7.06","48829965.07"
"2018-08-07 20:08:00","5.82","5.59","6.57","5.32","6.57","110710996.75"
"2018-08-08 20:08:00","5.69","5.76","5.94","5.41","5.59","52162934.55"
"2018-08-09 20:08:00","5.48","5.24","5.81","5.16","5.76","78525927.15"
"2018-08-10 20:08:00","5.07","4.96","5.33","4.82","5.24","68924438.84"
"2018-08-11 20:08:00","5.03","4.96","5.17","4.89","4.96","38117190.95"
"2018-08-12 20:08:00","4.84","4.58","5.17","4.47","4.96","52693161.35"
"2018-08-13 20:08:00","4.35","4.57","4.6","4.18","4.58","50476645.53"
"2018-08-14 20:08:00","4.72","4.63","4.92","4.56","4.57","46597994.53"
"2018-08-15 20:08:00","4.63","4.51","4.81","4.42","4.63","33074605.77"
"2018-08-16 20:08:00","5.04","5.58","5.59","4.49","4.51","71725388.53"
"2018-08-17 20:08:00","5.21","5.08","5.65","4.81","5.58","65785337.71"
"2018-08-18 20:08:00","5.19","5.29","5.38","4.94","5.08","38012475.41"
"2018-08-19 20:08:00","5.01","4.7","5.35","4.66","5.29","48054932.87"
"2018-08-20 20:08:00","4.8","4.9","4.97","4.66","4.7","33933438.97"
"2018-08-21 20:08:00","4.93","4.71","5.36","4.5","4.9","70400397.57"
"2018-08-22 20:08:00","4.79","4.9","4.95","4.67","4.71","27773012.81"
"2018-08-23 20:08:00","4.95","5.05","5.12","4.77","4.9","37612351.32"
"2018-08-24 20:08:00","5.01","5.04","5.07","4.91","5.05","16613047"
"2018-08-25 20:08:00","4.9","4.95","5.06","4.82","5.04","17478057.41"
"2018-08-26 20:08:00","5.19","5.38","5.43","4.91","4.95","45582267.97"
"2018-08-27 20:08:00","5.62","5.91","6.04","5.3","5.38","63731634.62"
"2018-08-28 20:08:00","6.11","6.13","6.5","5.79","5.91","92876086.37"
"2018-08-29 20:08:00","5.94","6.07","6.27","5.75","6.13","59816307.92"
"2018-08-30 20:08:00","6.25","6.4","6.49","5.94","6.07","57318586.59"
"2018-08-31 20:08:00","6.67","6.66","6.83","6.4","6.4","65690042.68"
"2018-09-01 20:09:00","6.51","6.64","6.7","6.32","6.66","43898493.24"
"2018-09-02 20:09:00","6.51","6.47","6.73","6.37","6.64","33022443.51"
"2018-09-03 20:09:00","6.5","6.48","6.66","6.32","6.47","42802120.75"
"2018-09-04 20:09:00","5.78","5.16","6.6","5.13","6.48","112472814.85"
"2018-09-05 20:09:00","5.04","5.23","5.24","4.84","5.16","72797488.26"
"2018-09-06 20:09:00","5.1","5.06","5.33","4.91","5.23","49070740.58"
"2018-09-07 20:09:00","4.87","4.74","5.15","4.61","5.06","28017187.17"
"2018-09-08 20:09:00","4.97","4.94","5.17","4.66","4.74","38739892.33"
"2018-09-09 20:09:00","5.01","5.03","5.12","4.88","4.94","23352370.16"
"2018-09-10 20:09:00","4.92","4.99","5.09","4.73","5.03","30773479.34"
"2018-09-11 20:09:00","4.86","4.94","5","4.77","4.99","28426417.73"
"2018-09-12 20:09:00","5.25","5.39","5.55","4.93","4.94","60336501.4"
"2018-09-13 20:09:00","5.31","5.23","5.54","5.13","5.39","41815442.46"
"2018-09-14 20:09:00","5.4","5.34","5.53","5.21","5.23","22094880.39"
"2018-09-15 20:09:00","5.36","5.41","5.49","5.2","5.34","17810391.93"
"2018-09-16 20:09:00","5","4.84","5.48","4.65","5.41","64028118.21"
"2018-09-17 20:09:00","4.98","5.06","5.27","4.76","4.84","52279212.74"
"2018-09-18 20:09:00","5.12","5.25","5.37","4.91","5.06","39164598.3"
"2018-09-19 20:09:00","5.48","5.77","5.95","5.18","5.25","52380313.77"
"2018-09-20 20:09:00","5.88","6.19","6.22","5.64","5.77","77681128.68"
"2018-09-21 20:09:00","6","5.94","6.31","5.78","6.19","41818916.54"
"2018-09-22 20:09:00","6.01","6.03","6.16","5.82","5.94","25650945.51"
"2018-09-23 20:09:00","5.75","5.67","6.04","5.59","6.03","32937405.78"
"2018-09-24 20:09:00","5.26","5.42","5.67","5","5.67","66871829.61"
"2018-09-25 20:09:00","5.51","5.55","5.78","5.24","5.42","36419359.96"
"2018-09-26 20:09:00","5.66","5.82","5.97","5.35","5.55","40266862.95"
"2018-09-27 20:09:00","5.86","5.76","6.05","5.65","5.82","51885357.8"
"2018-09-28 20:09:00","5.66","5.75","5.83","5.45","5.76","22807230.28"
"2018-09-29 20:09:00","5.63","5.72","5.95","5.33","5.75","45211664.09"
"2018-09-30 20:09:00","5.68","5.74","5.85","5.51","5.72","30234990.46"
"2018-10-01 20:10:00","5.66","5.62","5.78","5.53","5.74","20090446.21"
"2018-10-02 20:10:00","5.55","5.62","5.69","5.41","5.62","19711079"
"2018-10-03 20:10:00","5.75","5.8","5.9","5.6","5.62","30740107.91"
"2018-10-04 20:10:00","5.77","5.83","5.93","5.66","5.8","21892983.4"
"2018-10-05 20:10:00","5.75","5.73","5.86","5.67","5.83","10165767.97"
"2018-10-06 20:10:00","5.7","5.76","5.8","5.63","5.73","14202001.41"
"2018-10-07 20:10:00","5.91","5.94","6.04","5.73","5.76","34395844.48"
"2018-10-08 20:10:00","5.92","5.92","5.98","5.84","5.94","13969202.81"
"2018-10-09 20:10:00","5.88","5.92","5.96","5.8","5.92","14203330.67"
"2018-10-10 20:10:00","5.39","5.09","5.92","5","5.92","68706114.14"
"2018-10-11 20:10:00","5.2","5.2","5.32","5.01","5.09","19057204.26"
"2018-10-12 20:10:00","5.27","5.3","5.34","5.17","5.2","6943436.45"
"2018-10-13 20:10:00","5.26","5.2","5.33","5.17","5.3","7925901.81"
"2018-10-14 20:10:00","5.66","5.59","6.08","5.15","5.2","71159391.46"
"2018-10-15 20:10:00","5.55","5.57","5.67","5.47","5.59","10730424.9"
"2018-10-16 20:10:00","5.56","5.56","5.62","5.5","5.57","6384244"
"2018-10-17 20:10:00","5.51","5.46","5.67","5.38","5.56","14742829.02"
"2018-10-18 20:10:00","5.4","5.4","5.48","5.33","5.46","15019585.21"
"2018-10-19 20:10:00","5.47","5.45","5.51","5.38","5.4","7162590.11"
"2018-10-20 20:10:00","5.54","5.51","5.65","5.41","5.45","9470172.52"
"2018-10-21 20:10:00","5.48","5.46","5.56","5.43","5.51","5655898.52"
"2018-10-22 20:10:00","5.47","5.49","5.53","5.41","5.46","8602939.75"
"2018-10-23 20:10:00","5.47","5.43","5.52","5.42","5.49","9998726.15"
"2018-10-24 20:10:00","5.43","5.43","5.47","5.37","5.43","4831926.38"
"2018-10-25 20:10:00","5.44","5.45","5.51","5.38","5.43","7938337.99"
"2018-10-26 20:10:00","5.43","5.42","5.46","5.4","5.45","2668567.26"
"2018-10-27 20:10:00","5.43","5.44","5.47","5.41","5.42","3408087.19"
"2018-10-28 20:10:00","5.26","5.15","5.45","5.05","5.44","24709148.32"
"2018-10-29 20:10:00","5.15","5.14","5.18","5.11","5.15","3690154.07"
"2018-10-30 20:10:00","5.22","5.25","5.31","5.08","5.14","10707786.97"
"2018-10-31 20:10:00","5.26","5.29","5.31","5.23","5.25","3872041.84"
"2018-11-01 20:11:00","5.37","5.4","5.42","5.29","5.29","9652607.58"
"2018-11-02 20:11:00","5.33","5.32","5.41","5.28","5.4","6706621.65"
"2018-11-03 20:11:00","5.48","5.54","5.61","5.3","5.32","14466708"
"2018-11-04 19:11:00","5.49","5.51","5.56","5.42","5.54","7023898.63"
"2018-11-05 19:11:00","5.66","5.78","5.79","5.49","5.51","17540605.32"
"2018-11-06 19:11:00","5.72","5.67","5.83","5.62","5.78","11130779.39"
"2018-11-07 19:11:00","5.56","5.53","5.7","5.5","5.67","11694317.21"
"2018-11-08 19:11:00","5.49","5.41","5.58","5.37","5.53","12433200.21"
"2018-11-09 19:11:00","5.43","5.43","5.47","5.4","5.41","5298131.21"
"2018-11-10 19:11:00","5.39","5.49","5.52","5.29","5.43","6830459.75"
"2018-11-11 19:11:00","5.45","5.46","5.52","5.39","5.49","5463106.43"
"2018-11-12 19:11:00","5.3","5.29","5.47","5.14","5.46","14683869.81"
"2018-11-13 19:11:00","4.78","4.75","5.33","4.46","5.29","68628598.58"
"2018-11-14 19:11:00","4.56","4.76","4.81","4.28","4.75","42755384.12"
"2018-11-15 19:11:00","4.64","4.59","4.8","4.51","4.76","14196294.39"
"2018-11-16 19:11:00","4.59","4.63","4.64","4.53","4.59","5302556.47"
"2018-11-17 19:11:00","4.64","4.65","4.72","4.58","4.63","8392641.08"
"2018-11-18 19:11:00","4.2","4.13","4.65","4.04","4.65","60297897.37"
"2018-11-19 19:11:00","3.83","3.81","4.25","3.46","4.13","82209718.55"
"2018-11-20 19:11:00","3.79","3.84","3.96","3.63","3.81","26082294.53"
"2018-11-21 19:11:00","3.73","3.53","3.91","3.51","3.84","13939327.48"
"2018-11-22 19:11:00","3.57","3.66","3.73","3.41","3.53","32065266.84"
"2018-11-23 19:11:00","3.44","3.3","3.75","3.19","3.66","32741527.66"
"2018-11-24 19:11:00","3.25","3.4","3.51","3.07","3.3","46824026.88"
"2018-11-25 19:11:00","3.28","3.24","3.46","3.11","3.4","23103517.76"
"2018-11-26 19:11:00","3.02","3.05","3.24","2.86","3.24","25660846.66"
"2018-11-27 19:11:00","3.23","3.3","3.4","3.05","3.05","23008481.63"
"2018-11-28 19:11:00","3.07","3.04","3.32","2.91","3.3","25195620.3"
"2018-11-29 19:11:00","2.91","2.89","3.08","2.81","3.04","20463110.59"
"2018-11-30 19:11:00","2.95","2.97","3.07","2.82","2.89","11985346.81"
"2018-12-01 19:12:00","2.95","2.87","3.05","2.82","2.97","8609468.61"
"2018-12-02 19:12:00","2.7","2.59","2.88","2.53","2.87","15202067.11"
"2018-12-03 19:12:00","2.49","2.47","2.65","2.3","2.59","24959144.91"
"2018-12-04 19:12:00","2.29","2.19","2.48","2.17","2.47","32048339.33"
"2018-12-05 19:12:00","2.1","1.85","2.27","1.84","2.19","36795867.87"
"2018-12-06 19:12:00","1.71","1.76","1.88","1.55","1.85","42987238.86"
"2018-12-07 19:12:00","1.82","1.86","1.99","1.64","1.76","32057411.37"
"2018-12-08 19:12:00","1.99","2.05","2.17","1.77","1.86","26375701.95"
"2018-12-09 19:12:00","2","1.95","2.13","1.9","2.05","28017093.61"
"2018-12-10 19:12:00","1.87","1.86","1.97","1.79","1.95","16741016.07"
"2018-12-11 19:12:00","1.98","2.01","2.09","1.83","1.86","21097203.96"
"2018-12-12 19:12:00","1.94","1.87","2.03","1.84","2.01","18438095.67"
"2018-12-13 19:12:00","1.85","1.85","1.92","1.77","1.87","13291604.42"
"2018-12-14 19:12:00","1.88","1.93","1.97","1.81","1.85","11004447.93"
"2018-12-15 19:12:00","1.97","1.95","2.03","1.92","1.93","13267052.81"
"2018-12-16 19:12:00","2.29","2.45","2.57","1.94","1.95","43738929.81"
"2018-12-17 19:12:00","2.58","2.7","2.77","2.4","2.45","47567302.73"
"2018-12-18 19:12:00","2.68","2.52","2.88","2.5","2.7","50118256.14"
"2018-12-19 19:12:00","2.71","2.8","2.88","2.49","2.52","46831797.03"
"2018-12-20 19:12:00","2.72","2.67","2.9","2.56","2.8","33019183.43"
"2018-12-21 19:12:00","2.63","2.69","2.71","2.53","2.67","17270225.22"
"2018-12-22 19:12:00","2.88","2.87","3.09","2.67","2.69","36144060.44"
"2018-12-23 19:12:00","3.01","2.83","3.2","2.81","2.87","46459246.23"
"2018-12-24 19:12:00","2.6","2.58","2.83","2.47","2.83","28729205.24"
"2018-12-25 19:12:00","2.62","2.65","2.76","2.53","2.58","20058223.49"
"2018-12-26 19:12:00","2.48","2.36","2.67","2.32","2.65","22400896"
"2018-12-27 19:12:00","2.58","2.74","2.8","2.31","2.36","28234147.8"
"2018-12-28 19:12:00","2.76","2.69","2.88","2.65","2.74","19291961.6"
"2018-12-29 19:12:00","2.69","2.75","2.77","2.58","2.69","12624932.01"
"2018-12-30 19:12:00","2.64","2.62","2.76","2.54","2.75","14690342.55"
"2018-12-31 19:12:00","2.67","2.73","2.76","2.58","2.62","12780031.3"
"2019-01-01 19:01:00","2.86","2.96","3.01","2.71","2.73","19022442.99"
"2019-01-02 19:01:00","2.82","2.75","2.96","2.66","2.96","15324761.18"
"2019-01-03 19:01:00","2.76","2.79","2.85","2.65","2.75","16404455.99"
"2019-01-04 19:01:00","2.79","2.75","2.87","2.73","2.79","9488004.86"
"2019-01-05 19:01:00","2.82","2.94","3.01","2.67","2.75","23802755.58"
"2019-01-06 19:01:00","2.86","2.83","2.96","2.75","2.94","14325524.75"
"2019-01-07 19:01:00","2.86","2.84","2.94","2.78","2.83","13769052.83"
"2019-01-08 19:01:00","2.91","2.95","3.03","2.82","2.84","19837439.15"
"2019-01-09 19:01:00","2.67","2.45","3.05","2.34","2.95","37175271.94"
"2019-01-10 19:01:00","2.44","2.44","2.5","2.37","2.45","8356131.95"
"2019-01-11 19:01:00","2.46","2.45","2.49","2.42","2.44","5796348.81"
"2019-01-12 19:01:00","2.35","2.28","2.47","2.24","2.45","9334099.39"
"2019-01-13 19:01:00","2.42","2.51","2.54","2.28","2.28","11315469.17"
"2019-01-14 19:01:00","2.45","2.42","2.52","2.37","2.51","8586399.44"
"2019-01-15 19:01:00","2.45","2.46","2.5","2.39","2.42","8766936.25"
"2019-01-16 19:01:00","2.49","2.55","2.58","2.39","2.46","11254909.03"
"2019-01-17 19:01:00","2.49","2.48","2.55","2.44","2.55","6064752.47"
"2019-01-18 19:01:00","2.53","2.5","2.59","2.48","2.48","8169787.14"
"2019-01-19 19:01:00","2.39","2.36","2.52","2.31","2.5","11737514.07"
"2019-01-20 19:01:00","2.37","2.35","2.43","2.32","2.36","8049061.86"
"2019-01-21 19:01:00","2.41","2.48","2.54","2.29","2.35","12324349.79"
"2019-01-22 19:01:00","2.47","2.46","2.51","2.43","2.48","5574094.58"
"2019-01-23 19:01:00","2.47","2.49","2.5","2.43","2.46","8156586.18"
"2019-01-24 19:01:00","2.47","2.48","2.52","2.44","2.49","6810009.85"
"2019-01-25 19:01:00","2.47","2.44","2.54","2.4","2.48","5821257.53"
"2019-01-26 19:01:00","2.4","2.38","2.47","2.34","2.44","9193449.31"
"2019-01-27 19:01:00","2.28","2.26","2.39","2.18","2.38","10952064.17"
"2019-01-28 19:01:00","2.28","2.3","2.34","2.22","2.26","6498653.5"
"2019-01-29 19:01:00","2.34","2.38","2.39","2.27","2.3","6496003.82"
"2019-01-30 19:01:00","2.36","2.36","2.42","2.32","2.38","5979208.2"
"2019-01-31 19:01:00","2.37","2.38","2.42","2.31","2.36","7896183.95"
"2019-02-01 19:02:00","2.4","2.48","2.49","2.35","2.38","6383794.84"
"2019-02-02 19:02:00","2.42","2.4","2.49","2.37","2.48","5611777"
"2019-02-03 19:02:00","2.42","2.42","2.46","2.39","2.4","4153050.86"
"2019-02-04 19:02:00","2.4","2.42","2.43","2.37","2.42","2716254.4"
"2019-02-05 19:02:00","2.35","2.38","2.43","2.31","2.42","5065638.67"
"2019-02-06 19:02:00","2.38","2.37","2.4","2.35","2.38","3232070.52"
"2019-02-07 19:02:00","2.62","2.77","2.85","2.36","2.37","20453047.54"
"2019-02-08 19:02:00","2.8","2.81","2.87","2.71","2.77","5741088.91"
"2019-02-09 19:02:00","2.77","2.89","2.9","2.69","2.81","8907133.55"
"2019-02-10 19:02:00","2.8","2.78","2.91","2.76","2.89","6434944.58"
"2019-02-11 19:02:00","2.92","3","3.06","2.74","2.78","18988874.29"
"2019-02-12 19:02:00","2.93","2.9","3.05","2.85","3","12867570.6"
"2019-02-13 19:02:00","2.84","2.79","2.93","2.76","2.9","8244670.93"
"2019-02-14 19:02:00","2.84","2.84","2.93","2.78","2.79","7140888"
"2019-02-15 19:02:00","2.88","2.83","2.94","2.82","2.84","5003687.19"
"2019-02-16 19:02:00","2.89","2.92","2.98","2.82","2.83","10487078.16"
"2019-02-17 19:02:00","3.29","3.54","3.59","2.91","2.92","49545106.44"
"2019-02-18 19:02:00","3.68","3.6","3.88","3.53","3.54","51168329.41"
"2019-02-19 19:02:00","3.82","3.98","4.02","3.54","3.6","36982622.54"
"2019-02-20 19:02:00","3.84","3.87","4.01","3.74","3.98","21354647.94"
"2019-02-21 19:02:00","3.91","3.94","4","3.79","3.87","21593904.7"
"2019-02-22 19:02:00","4.13","4.33","4.42","3.86","3.94","31123883.62"
"2019-02-23 19:02:00","3.94","3.61","4.53","3.5","4.33","60230301.88"
"2019-02-24 19:02:00","3.6","3.63","3.79","3.35","3.61","31778087.58"
"2019-02-25 19:02:00","3.49","3.51","3.64","3.37","3.63","20730412.22"
"2019-02-26 19:02:00","3.52","3.58","3.64","3.4","3.51","18633725.51"
"2019-02-27 19:02:00","3.62","3.57","3.71","3.53","3.58","16553719.14"
"2019-02-28 19:02:00","3.64","3.54","3.77","3.48","3.57","15415938.35"
"2019-03-01 19:03:00","3.54","3.56","3.6","3.49","3.54","9421765.55"
"2019-03-02 19:03:00","3.59","3.59","3.67","3.54","3.56","6519930.9"
"2019-03-03 19:03:00","3.33","3.3","3.61","3.15","3.59","20679155.72"
"2019-03-04 19:03:00","3.6","3.84","3.87","3.27","3.3","30194013.21"
"2019-03-05 19:03:00","3.8","3.82","3.96","3.65","3.84","22017297.07"
"2019-03-06 19:03:00","3.87","3.84","3.99","3.77","3.82","17675587.93"
"2019-03-07 19:03:00","3.72","3.66","3.87","3.55","3.84","20033844.98"
"2019-03-08 19:03:00","3.8","3.83","3.9","3.65","3.66","13513418.2"
"2019-03-09 19:03:00","3.77","3.77","3.83","3.71","3.83","7262039.88"
"2019-03-10 20:03:00","3.66","3.63","3.81","3.56","3.77","15206335.03"
"2019-03-11 20:03:00","3.65","3.7","3.76","3.49","3.63","16850776.28"
"2019-03-12 20:03:00","3.64","3.64","3.73","3.55","3.7","13324449.57"
"2019-03-13 20:03:00","3.63","3.63","3.72","3.54","3.64","13699539.12"
"2019-03-14 20:03:00","3.73","3.76","3.79","3.63","3.63","14603844.19"
"2019-03-15 20:03:00","3.86","3.87","3.93","3.76","3.76","13568400.05"
"2019-03-16 20:03:00","3.83","3.82","3.88","3.8","3.87","5966175.62"
"2019-03-17 20:03:00","3.8","3.79","3.87","3.75","3.82","10117289.08"
"2019-03-18 20:03:00","3.78","3.81","3.83","3.72","3.79","10185512.28"
"2019-03-19 20:03:00","3.75","3.79","3.82","3.6","3.81","16547970.44"
"2019-03-20 20:03:00","3.69","3.68","3.8","3.59","3.79","11592765.52"
"2019-03-21 20:03:00","3.67","3.67","3.71","3.63","3.68","5979829.1"
"2019-03-22 20:03:00","3.71","3.71","3.78","3.65","3.67","4970153.5"
"2019-03-23 20:03:00","3.67","3.68","3.71","3.63","3.71","2898059.16"
"2019-03-24 20:03:00","3.67","3.68","3.73","3.62","3.68","6521820.07"
"2019-03-25 20:03:00","3.71","3.78","3.8","3.63","3.68","8002572.3"
"2019-03-26 20:03:00","4.14","4.32","4.4","3.76","3.78","46538744.3"
"2019-03-27 20:03:00","4.31","4.3","4.38","4.24","4.32","19733901.18"
"2019-03-28 20:03:00","4.38","4.38","4.47","4.26","4.3","19725530.84"
"2019-03-29 20:03:00","4.27","4.22","4.44","4.05","4.38","18590360.37"
"2019-03-30 20:03:00","4.24","4.25","4.32","4.15","4.22","7935248.68"
"2019-03-31 20:03:00","4.26","4.25","4.32","4.2","4.25","8813623.36"
"2019-04-01 20:04:00","4.72","5.08","5.16","4.21","4.25","51603515.23"
"2019-04-02 20:04:00","5.37","5.24","5.99","4.82","5.08","102511291.1"
"2019-04-03 20:04:00","5.15","5.1","5.37","4.9","5.24","25490017.37"
"2019-04-04 20:04:00","5.32","5.38","5.43","5.1","5.1","21715692.28"
"2019-04-05 20:04:00","5.49","5.38","5.76","5.1","5.38","33709436.36"
"2019-04-06 20:04:00","5.46","5.48","5.56","5.29","5.38","26421914.07"
"2019-04-07 20:04:00","5.52","5.57","5.68","5.29","5.48","35917488.64"
"2019-04-08 20:04:00","5.57","5.59","5.72","5.38","5.57","26137003.31"
"2019-04-09 20:04:00","5.85","5.85","6.07","5.53","5.59","52653496.34"
"2019-04-10 20:04:00","5.43","5.33","5.85","5.1","5.85","38385445.07"
"2019-04-11 20:04:00","5.33","5.39","5.5","5.1","5.33","18666802.71"
"2019-04-12 20:04:00","5.34","5.34","5.46","5.23","5.39","11731587.35"
"2019-04-13 20:04:00","5.43","5.6","5.62","5.27","5.34","11584369.15"
"2019-04-14 20:04:00","5.47","5.34","5.66","5.22","5.6","18373253.52"
"2019-04-15 20:04:00","5.46","5.55","5.57","5.32","5.34","10094411.24"
"2019-04-16 20:04:00","5.49","5.47","5.61","5.41","5.55","9564749.96"
"2019-04-17 20:04:00","5.53","5.53","5.6","5.46","5.47","13034419.06"
"2019-04-18 20:04:00","5.48","5.51","5.53","5.4","5.53","7133871.98"
"2019-04-19 20:04:00","5.48","5.47","5.56","5.42","5.51","9733411.75"
"2019-04-20 20:04:00","5.22","5.26","5.49","5.02","5.47","17231101.76"
"2019-04-21 20:04:00","5.25","5.28","5.36","5.14","5.26","14379108.13"
"2019-04-22 20:04:00","5.33","5.16","5.45","5.12","5.28","19797398.4"
"2019-04-23 20:04:00","4.88","4.83","5.19","4.63","5.16","35486279.37"
"2019-04-24 20:04:00","4.69","4.59","4.89","4.53","4.83","17553038.9"
"2019-04-25 20:04:00","4.75","4.85","4.95","4.52","4.59","18260004.54"
"2019-04-26 20:04:00","4.83","4.81","4.89","4.77","4.85","4540714.66"
"2019-04-27 20:04:00","4.87","4.88","4.95","4.7","4.83","5662164.27"
"2019-04-28 20:04:00","4.78","4.73","4.93","4.59","4.88","14061266.7"
"2019-04-29 20:04:00","4.88","5.04","5.06","4.72","4.73","10165082.56"
"2019-04-30 20:04:00","4.96","4.96","5.08","4.86","5.04","7058895.22"
"2019-05-01 20:05:00","4.93","4.97","5.02","4.84","4.96","5967791.25"
"2019-05-02 20:05:00","5.23","5.27","5.41","4.94","4.97","17128664.22"
"2019-05-03 20:05:00","5.15","5.15","5.38","4.96","5.27","12650638.21"
"2019-05-04 20:05:00","5.1","5.09","5.21","5.01","5.15","4532714.99"
"2019-05-05 20:05:00","5.02","5.11","5.2","4.85","5.09","8951859.47"
"2019-05-06 20:05:00","5.13","5.01","5.3","4.99","5.11","9927592.71"
"2019-05-07 20:05:00","5.02","5.05","5.09","4.91","5.01","7335890.19"
"2019-05-08 20:05:00","4.97","4.9","5.15","4.87","5.05","6077706.42"
"2019-05-09 20:05:00","4.83","4.84","5","4.6","4.9","13108274.06"
"2019-05-10 20:05:00","5.32","5.46","5.75","4.84","4.84","37559679.99"
"2019-05-11 20:05:00","5.46","5.34","5.73","5.23","5.46","21973304.35"
"2019-05-12 20:05:00","5.56","5.51","5.74","5.31","5.34","26062547.14"
"2019-05-13 20:05:00","5.89","6.02","6.2","5.49","5.51","39618872.43"
"2019-05-14 20:05:00","6.23","6.45","6.51","5.95","6.02","31580466.3"
"2019-05-15 20:05:00","6.5","6.495","6.919","6.39","6.482","223743117.11"
"2019-05-16 20:05:00","6","6.08","6.56","5.78","6.49","34996920.45"
"2019-05-17 20:05:00","5.89","5.891","5.905","5.737","6.05","110322869.29"
"2019-05-18 20:05:00","6.29","6.47","6.59","5.88","5.89","18420078.02"
"2019-05-19 20:05:00","6.25","6.255","6.406","6.224","6.494","113973379.24"
"2019-05-20 20:05:00","6.29","6.289","6.386","6.152","6.255","106972774.92"
"2019-05-21 20:05:00","6.1","5.93","6.36","5.76","6.28","21937703.03"
"2019-05-22 20:05:00","5.89","6.03","6.1","5.73","5.93","13904812.5"
"2019-05-23 20:05:00","6.36","6.42","6.61","6","6.03","23612451.64"
"2019-05-24 20:05:00","6.42","6.38","6.55","6.28","6.42","15516889.18"
"2019-05-25 20:05:00","6.67","6.96","7.05","6.21","6.38","29170274.89"
"2019-05-26 20:05:00","7.54","8.04","8.26","6.9","6.96","77811390"
"2019-05-27 20:05:00","7.98","8.1","8.23","7.66","8.04","51119573.37"
"2019-05-28 20:05:00","8.01","8.01","8.27","7.55","8.1","45794907.44"
"2019-05-29 20:05:00","7.78","7.3","8.48","6.86","8.01","84106572.12"
"2019-05-30 20:05:00","7.94","8.55","8.69","7.2","7.3","72222174.42"
"2019-05-31 20:05:00","8.15","7.71","8.62","7.48","8.55","96434604.12"
"2019-06-01 20:06:00","7.72","7.73","7.99","7.46","7.71","49220429.56"
"2019-06-02 20:06:00","7.16","6.68","7.73","6.55","7.73","66236623.88"
"2019-06-03 20:06:00","6.45","6.3","6.88","6.04","6.68","53824856.62"
"2019-06-04 20:06:00","6.37","6.43","6.54","6.17","6.3","24673346.64"
"2019-06-05 20:06:00","6.21","6.37","6.47","5.92","6.43","21154257.53"
"2019-06-06 20:06:00","6.55","6.64","6.8","6.31","6.37","24560155.4"
"2019-06-07 20:06:00","6.43","6.37","6.69","6.22","6.64","12509985.6"
"2019-06-08 20:06:00","6.18","6.15","6.5","6","6.37","15523300.99"
"2019-06-09 20:06:00","6.34","6.468","6.51","6.05","6.15","15095349.47"
"2019-06-10 20:06:00","6.32","6.335","6.509","6.143","6.468","16208200.09"
"2019-06-11 20:06:00","6.38","6.462","6.492","6.239","6.335","16406799.48"
"2019-06-12 20:06:00","6.54","6.472","6.646","6.384","6.462","18404139.85"
"2019-06-13 20:06:00","6.44","6.569","6.574","6.365","6.472","16348108.27"
"2019-06-14 20:06:00","6.78","6.913","6.968","6.547","6.569","22739550.12"
"2019-06-15 20:06:00","7.03","6.997","7.218","6.812","6.913","27504489.95"
"2019-06-16 20:06:00","7.11","7.151","7.263","6.979","6.997","18016113.1"
"2019-06-17 20:06:00","6.87","6.794","7.17","6.642","7.151","21165159.55"
"2019-06-18 20:06:00","6.86","6.883","6.976","6.764","6.794","8955212.43"
"2019-06-19 20:06:00","6.81","6.863","6.916","6.707","6.883","12236236.14"
"2019-06-20 20:06:00","7.01","7.062","7.154","6.82","6.863","22042810.13"
"2019-06-21 20:06:00","7.34","7.499","7.619","7.035","7.062","49786990.88"
"2019-06-22 20:06:00","7.42","7.265","7.631","7.189","7.499","21717786.5"
"2019-06-23 20:06:00","7.15","7.251","7.269","7.001","7.265","16185371.61"
"2019-06-24 20:06:00","7.09","7.128","7.311","6.911","7.251","23316137.77"
"2019-06-25 20:06:00","6.88","6.702","7.391","6.079","7.128","60485949.71"
"2019-06-26 20:06:00","6.1","5.887","6.752","5.554","6.702","58602678.61"
"2019-06-27 20:06:00","5.98","6.18","6.235","5.676","5.887","38310625.93"
"2019-06-28 20:06:00","6.15","6.329","6.384","5.949","6.18","18399550.44"
"2019-06-29 20:06:00","6.01","5.757","6.394","5.653","6.329","16557742.95"
"2019-06-30 20:06:00","5.8","6.049","6.084","5.559","5.757","18683590.62"
"2019-07-01 20:07:00","5.84","5.908","6.162","5.576","6.049","17428516.02"
"2019-07-02 20:07:00","5.97","6.066","6.117","5.841","5.908","13939598.08"
"2019-07-03 20:07:00","5.89","5.722","6.083","5.665","6.066","11206255.81"
"2019-07-04 20:07:00","5.76","5.762","5.893","5.686","5.722","6242860.75"
"2019-07-05 20:07:00","5.85","5.774","6.011","5.728","5.762","10011652.27"
"2019-07-06 20:07:00","5.91","5.967","6.056","5.758","5.774","6782295.93"
"2019-07-07 20:07:00","5.95","5.97","6.047","5.856","5.967","7977495.3"
"2019-07-08 20:07:00","5.93","5.895","6.032","5.839","5.97","8337193.2"
"2019-07-09 20:07:00","5.46","5.261","5.926","5.014","5.895","30922848.27"
"2019-07-10 20:07:00","4.64","4.686","5.261","4.336","5.261","32804489.41"
"2019-07-11 20:07:00","4.77","4.797","4.868","4.601","4.686","11369795.07"
"2019-07-12 20:07:00","4.7","4.741","4.811","4.562","4.797","9482547.87"
"2019-07-13 20:07:00","4.34","4.118","4.756","4.052","4.741","20539843.63"
"2019-07-14 20:07:00","4.23","4.283","4.416","3.972","4.118","23278496.38"
"2019-07-15 20:07:00","3.79","3.657","4.346","3.311","4.283","31964225.42"
"2019-07-16 20:07:00","3.82","3.836","4.11","3.522","3.657","26627917.04"
"2019-07-17 20:07:00","4","4.093","4.239","3.746","3.836","18871568.92"
"2019-07-18 20:07:00","3.99","4.049","4.15","3.811","4.093","11328562.6"
"2019-07-19 20:07:00","4.29","4.308","4.481","3.998","4.049","16481287.14"
"2019-07-20 20:07:00","4.25","4.32","4.346","4.15","4.308","9054064.07"
"2019-07-21 20:07:00","4.13","4.121","4.414","3.94","4.32","14110690.7"
"2019-07-22 20:07:00","4.12","4.153","4.276","3.957","4.121","10667472.9"
"2019-07-23 20:07:00","4.37","4.585","4.651","4.015","4.153","29275488.28"
"2019-07-24 20:07:00","4.59","4.57","4.72","4.447","4.585","17057848.52"
"2019-07-25 20:07:00","4.57","4.626","4.708","4.424","4.57","9571621.22"
"2019-07-26 20:07:00","4.39","4.266","4.773","4.027","4.626","17188701.49"
"2019-07-27 20:07:00","4.14","4.267","4.331","3.875","4.266","15433129.01"
"2019-07-28 20:07:00","4.22","4.206","4.379","4.101","4.267","9361311.51"
"2019-07-29 20:07:00","4.2","4.206","4.317","4.117","4.206","6947033.33"
"2019-07-30 20:07:00","4.32","4.425","4.447","4.2","4.206","16567869.87"
"2019-07-31 20:07:00","4.29","4.31","4.443","4.219","4.425","6854516"
"2019-08-01 20:08:00","4.19","4.182","4.347","4.049","4.31","8696999.77"
"2019-08-02 20:08:00","4.28","4.286","4.367","4.163","4.182","7445161.82"
"2019-08-03 20:08:00","4.24","4.238","4.31","4.183","4.286","3952806.31"
"2019-08-04 20:08:00","4.42","4.461","4.575","4.23","4.238","11799679.05"
"2019-08-05 20:08:00","4.29","4.193","4.498","4.054","4.461","10465313.58"
"2019-08-06 20:08:00","4.22","4.227","4.29","4.14","4.193","6270364.82"
"2019-08-07 20:08:00","4.18","4.173","4.238","4.097","4.227","5763430.01"
"2019-08-08 20:08:00","3.95","3.906","4.188","3.808","4.173","10635265.11"
"2019-08-09 20:08:00","4.01","4.063","4.137","3.857","3.906","7967445.64"
"2019-08-10 20:08:00","4.16","4.199","4.262","4.06","4.063","7157865.81"
"2019-08-11 20:08:00","4.13","4.131","4.205","4.084","4.199","2803727.94"
"2019-08-12 20:08:00","4.04","4.075","4.14","3.96","4.131","5563600.99"
"2019-08-13 20:08:00","3.79","3.671","4.123","3.569","4.075","12546324.08"
"2019-08-14 20:08:00","3.56","3.63","3.717","3.321","3.671","13251309.05"
"2019-08-15 20:08:00","3.57","3.59","3.662","3.486","3.63","5362224.3"
"2019-08-16 20:08:00","3.56","3.561","3.616","3.494","3.59","3165292.85"
"2019-08-17 20:08:00","3.69","3.696","3.768","3.516","3.561","7811241.67"
"2019-08-18 20:08:00","3.72","3.726","3.79","3.65","3.696","5858357.55"
"2019-08-19 20:08:00","3.65","3.676","3.729","3.601","3.726","3233062.59"
"2019-08-20 20:08:00","3.48","3.51","3.69","3.369","3.676","8074391.42"
"2019-08-21 20:08:00","3.6","3.643","3.712","3.456","3.51","5211211.76"
"2019-08-22 20:08:00","3.69","3.683","3.772","3.608","3.643","4388631.18"
"2019-08-23 20:08:00","3.62","3.667","3.693","3.559","3.683","3264014.47"
"2019-08-24 20:08:00","3.58","3.55","3.7","3.47","3.667","4075644.08"
"2019-08-25 20:08:00","3.61","3.584","3.707","3.542","3.55","3882033.76"
"2019-08-26 20:08:00","3.55","3.556","3.593","3.495","3.584","2708800.51"
"2019-08-27 20:08:00","3.29","3.256","3.564","3.115","3.556","9271520.04"
"2019-08-28 20:08:00","3.19","3.203","3.269","3.062","3.256","6092056.48"
"2019-08-29 20:08:00","3.23","3.216","3.291","3.172","3.203","2787797.73"
"2019-08-30 20:08:00","3.29","3.34","3.424","3.199","3.216","2617648.35"
"2019-08-31 20:08:00","3.26","3.271","3.35","3.116","3.34","4143480.43"
"2019-09-01 20:09:00","3.3","3.332","3.384","3.225","3.271","3869361.09"
"2019-09-02 20:09:00","3.38","3.362","3.468","3.313","3.332","7366921.41"
"2019-09-03 20:09:00","3.33","3.314","3.369","3.276","3.362","5024094.34"
"2019-09-04 20:09:00","3.27","3.272","3.338","3.208","3.314","4722904.12"
"2019-09-05 20:09:00","3.25","3.22","3.369","3.117","3.272","5189033.59"
"2019-09-06 20:09:00","3.47","3.577","3.675","3.203","3.22","9191909.55"
"2019-09-07 20:09:00","3.67","3.79","3.814","3.521","3.577","7411099.68"
"2019-09-08 20:09:00","3.82","3.881","3.957","3.623","3.79","11222148.36"
"2019-09-09 20:09:00","3.8","3.781","3.923","3.663","3.881","6819762.53"
"2019-09-10 20:09:00","3.73","3.759","3.817","3.653","3.781","4206378.32"
"2019-09-11 20:09:00","3.75","3.751","3.798","3.682","3.759","2834671.49"
"2019-09-12 20:09:00","3.72","3.736","3.762","3.686","3.751","1870896.01"
"2019-09-13 20:09:00","3.96","4.038","4.115","3.701","3.736","8583574.34"
"2019-09-14 20:09:00","4.07","4.082","4.158","4.018","4.038","5150435.69"
"2019-09-15 20:09:00","4.06","4.099","4.162","3.954","4.082","7165804.47"
"2019-09-16 20:09:00","4.14","4.076","4.235","4.04","4.099","8082498.54"
"2019-09-17 20:09:00","4.12","4.088","4.176","4.055","4.076","7605099.37"
"2019-09-18 20:09:00","3.93","3.975","4.095","3.822","4.088","9209275.94"
"2019-09-19 20:09:00","3.92","4.019","4.043","3.839","3.975","3898931.51"
"2019-09-20 20:09:00","4.02","4.008","4.079","3.958","4.019","4784863.84"
"2019-09-21 20:09:00","3.85","3.823","4.012","3.747","4.008","8636140.9"
"2019-09-22 20:09:00","3.77","3.691","3.869","3.663","3.823","4828594.81"
"2019-09-23 20:09:00","2.94","2.769","3.721","2.475","3.691","39106390.13"
"2019-09-24 20:09:00","2.85","2.875","2.956","2.699","2.769","14411796.22"
"2019-09-25 20:09:00","2.75","2.79","2.879","2.596","2.875","10383221.17"
"2019-09-26 20:09:00","2.8","2.839","2.905","2.704","2.79","7592996.07"
"2019-09-27 20:09:00","2.84","2.839","2.878","2.783","2.839","4270623.02"
"2019-09-28 20:09:00","2.76","2.79","2.851","2.686","2.839","5951605.82"
"2019-09-29 20:09:00","2.9","2.978","3.044","2.727","2.79","9124679.92"
"2019-09-30 20:09:00","3.02","2.953","3.126","2.871","2.978","10597169.46"
"2019-10-01 20:10:00","2.98","3.018","3.045","2.9","2.953","2747508.9"
"2019-10-02 20:10:00","2.92","2.934","3.028","2.818","3.018","4126408.72"
"2019-10-03 20:10:00","3.01","3.014","3.095","2.882","2.934","4599264.86"
"2019-10-04 20:10:00","2.98","3.001","3.046","2.935","3.014","4027788.82"
"2019-10-05 20:10:00","2.93","2.916","3.008","2.855","3.001","4164453.85"
"2019-10-06 20:10:00","3.13","3.192","3.265","2.907","2.916","8873526.3"
"2019-10-07 20:10:00","3.18","3.171","3.263","3.123","3.192","3779257.88"
"2019-10-08 20:10:00","3.24","3.254","3.344","3.124","3.171","5867587.95"
"2019-10-09 20:10:00","3.13","3.123","3.26","3.039","3.254","3700339.79"
"2019-10-10 20:10:00","3.09","3.069","3.207","3.04","3.123","4697524.17"
"2019-10-11 20:10:00","3.09","3.079","3.15","3.05","3.069","1920742.19"
"2019-10-12 20:10:00","3.11","3.108","3.143","3.051","3.079","1748241.11"
"2019-10-13 20:10:00","3.15","3.168","3.203","3.104","3.108","2977605.26"
"2019-10-14 20:10:00","2.97","2.968","3.177","2.825","3.168","7372743.86"
"2019-10-15 20:10:00","2.92","2.934","2.991","2.859","2.968","4127370.84"
"2019-10-16 20:10:00","2.94","2.957","2.969","2.888","2.934","1821240.8"
"2019-10-17 20:10:00","2.85","2.892","2.958","2.72","2.957","6032438.41"
"2019-10-18 20:10:00","2.89","2.889","2.932","2.849","2.892","2036747.68"
"2019-10-19 20:10:00","2.91","2.937","2.954","2.834","2.889","2272696.86"
"2019-10-20 20:10:00","2.93","2.938","2.985","2.885","2.937","2544163.94"
"2019-10-21 20:10:00","2.95","2.902","3.033","2.865","2.938","4647278.06"
"2019-10-22 20:10:00","2.73","2.719","2.917","2.549","2.902","8680434.43"
"2019-10-23 20:10:00","2.72","2.734","2.788","2.659","2.719","3920691.35"
"2019-10-24 20:10:00","3.07","3.189","3.338","2.73","2.734","14617431.62"
"2019-10-25 20:10:00","3.28","3.146","3.567","2.998","3.189","17097529.25"
"2019-10-26 20:10:00","3.32","3.344","3.497","3.085","3.146","10531475.06"
"2019-10-27 20:10:00","3.4","3.296","3.561","3.262","3.344","9084910.1"
"2019-10-28 20:10:00","3.38","3.412","3.464","3.285","3.296","5991856.65"
"2019-10-29 20:10:00","3.3","3.28","3.429","3.198","3.412","6034565.34"
"2019-10-30 20:10:00","3.26","3.266","3.335","3.182","3.28","4588837.72"
"2019-10-31 20:10:00","3.31","3.36","3.408","3.219","3.266","3886464.38"
"2019-11-01 20:11:00","3.35","3.333","3.397","3.306","3.36","2968374.13"
"2019-11-02 20:11:00","3.27","3.279","3.353","3.205","3.333","2847023.22"
"2019-11-03 19:11:00","3.42","3.457","3.515","3.25","3.279","7823225.98"
"2019-11-04 19:11:00","3.56","3.631","3.689","3.416","3.457","11208281.07"
"2019-11-05 19:11:00","3.6","3.609","3.683","3.56","3.631","6602363.37"
"2019-11-06 19:11:00","3.5","3.47","3.636","3.424","3.609","5005505.1"
"2019-11-07 19:11:00","3.44","3.411","3.547","3.323","3.47","6458912.6"
"2019-11-08 19:11:00","3.46","3.493","3.499","3.407","3.411","2375284.87"
"2019-11-09 19:11:00","3.57","3.594","3.673","3.455","3.493","6568461.09"
"2019-11-10 19:11:00","3.48","3.443","3.606","3.415","3.594","3740570.47"
"2019-11-11 19:11:00","3.46","3.481","3.522","3.393","3.443","4696201.94"
"2019-11-12 19:11:00","3.46","3.478","3.493","3.423","3.481","2156571.6"
"2019-11-13 19:11:00","3.4","3.398","3.485","3.338","3.478","3408696.61"
"2019-11-14 19:11:00","3.37","3.338","3.507","3.285","3.398","6882380.02"
"2019-11-15 19:11:00","3.36","3.381","3.404","3.321","3.338","1863979.51"
"2019-11-16 19:11:00","3.4","3.404","3.448","3.333","3.381","2350555.04"
"2019-11-17 19:11:00","3.24","3.188","3.413","3.032","3.404","7097354.86"
"2019-11-18 19:11:00","3.12","3.127","3.2","3.031","3.188","3597867.22"
"2019-11-19 19:11:00","3.1","3.089","3.156","3.06","3.127","2003718.63"
"2019-11-20 19:11:00","2.9","2.828","3.124","2.742","3.089","7186151.49"
"2019-11-21 19:11:00","2.65","2.632","2.852","2.462","2.828","12365042.16"
"2019-11-22 19:11:00","2.64","2.696","2.717","2.578","2.632","2947908.85"
"2019-11-23 19:11:00","2.52","2.43","2.7","2.369","2.696","6256508.46"
"2019-11-24 19:11:00","2.48","2.536","2.632","2.354","2.43","7819633.37"
"2019-11-25 19:11:00","2.61","2.629","2.647","2.534","2.536","3118735.92"
"2019-11-26 19:11:00","2.64","2.688","2.753","2.503","2.629","5410023.25"
"2019-11-27 19:11:00","2.67","2.636","2.705","2.608","2.688","2334775.23"
"2019-11-28 19:11:00","2.76","2.809","2.842","2.632","2.636","3054591.72"
"2019-11-29 19:11:00","2.78","2.765","2.831","2.73","2.809","2518504.14"
"2019-11-30 19:11:00","2.76","2.795","2.866","2.674","2.765","4254449.07"
"2019-12-01 19:12:00","2.71","2.693","2.808","2.655","2.795","2879966.86"
"2019-12-02 19:12:00","2.72","2.71","2.753","2.663","2.693","2696621.98"
"2019-12-03 19:12:00","2.67","2.637","2.781","2.577","2.71","5000499.96"
"2019-12-04 19:12:00","2.68","2.698","2.715","2.631","2.637","1970900.81"
"2019-12-05 19:12:00","2.71","2.745","2.755","2.678","2.698","2812539.15"
"2019-12-06 19:12:00","2.75","2.738","2.772","2.722","2.745","1179530.46"
"2019-12-07 19:12:00","2.75","2.759","2.793","2.712","2.738","1320705.01"
"2019-12-08 19:12:00","2.69","2.669","2.767","2.626","2.759","2121689.46"
"2019-12-09 19:12:00","2.63","2.614","2.678","2.582","2.669","2828692.02"
"2019-12-10 19:12:00","2.59","2.581","2.632","2.555","2.614","1665794.13"
"2019-12-11 19:12:00","2.57","2.592","2.621","2.521","2.581","2213147.93"
"2019-12-12 19:12:00","2.62","2.632","2.651","2.581","2.592","1802826.67"
"2019-12-13 19:12:00","2.59","2.577","2.642","2.559","2.632","1420970.16"
"2019-12-14 19:12:00","2.57","2.578","2.602","2.549","2.577","1212096.44"
"2019-12-15 19:12:00","2.38","2.377","2.581","2.299","2.578","7852019.46"
"2019-12-16 19:12:00","2.27","2.206","2.377","2.161","2.377","5490140.34"
"2019-12-17 19:12:00","2.36","2.467","2.527","2.173","2.206","7330313.55"
"2019-12-18 19:12:00","2.45","2.462","2.507","2.412","2.467","2615265.85"
"2019-12-19 19:12:00","2.49","2.496","2.556","2.432","2.462","2227449.39"
"2019-12-20 19:12:00","2.46","2.454","2.499","2.441","2.496","1116159.25"
"2019-12-21 19:12:00","2.5","2.549","2.559","2.449","2.454","1495678.53"
"2019-12-22 19:12:00","2.55","2.52","2.611","2.501","2.549","2143123.88"
"2019-12-23 19:12:00","2.53","2.549","2.572","2.487","2.52","1971733.28"
"2019-12-24 19:12:00","2.5","2.486","2.553","2.459","2.549","1407873"
"2019-12-25 19:12:00","2.55","2.524","2.638","2.472","2.486","2474029.13"
"2019-12-26 19:12:00","2.56","2.578","2.593","2.512","2.524","2354603.37"
"2019-12-27 19:12:00","2.65","2.636","2.678","2.577","2.578","2023585.22"
"2019-12-28 19:12:00","2.68","2.701","2.725","2.627","2.636","2495084.2"
"2019-12-29 19:12:00","2.67","2.632","2.725","2.607","2.701","2134944.75"
"2019-12-30 19:12:00","2.61","2.59","2.656","2.572","2.632","1858528.33"
"2019-12-31 19:12:00","2.62","2.605","2.644","2.579","2.59","1464945.55"
"2020-01-01 19:01:00","2.52","2.466","2.615","2.433","2.605","3261565.57"
"2020-01-02 19:01:00","2.58","2.648","2.677","2.438","2.466","3533922.07"
"2020-01-03 19:01:00","2.65","2.655","2.688","2.631","2.648","1612640.32"
"2020-01-04 19:01:00","2.71","2.691","2.777","2.655","2.655","3668713.33"
"2020-01-05 19:01:00","2.79","2.854","2.86","2.684","2.691","4317929.3"
"2020-01-06 19:01:00","2.84","2.853","2.884","2.761","2.854","3928017.47"
"2020-01-07 19:01:00","2.85","2.773","2.978","2.713","2.853","6465254.12"
"2020-01-08 19:01:00","2.74","2.749","2.795","2.695","2.773","2101767.39"
"2020-01-09 19:01:00","2.86","2.977","3","2.656","2.749","5298298.29"
"2020-01-10 19:01:00","3.02","2.995","3.128","2.936","2.977","4756706.12"
"2020-01-11 19:01:00","3.13","3.211","3.216","2.935","2.995","4045590.2"
"2020-01-12 19:01:00","3.12","3.109","3.212","3.068","3.211","2633084.52"
"2020-01-13 19:01:00","3.62","3.803","4.056","3.108","3.109","23920646.35"
"2020-01-14 19:01:00","3.76","3.766","3.939","3.573","3.803","12133787.28"
"2020-01-15 19:01:00","3.72","3.835","3.94","3.53","3.766","9763240.52"
"2020-01-16 19:01:00","3.91","3.898","4.062","3.744","3.835","14364404.18"
"2020-01-17 19:01:00","3.84","3.799","3.997","3.703","3.898","9792218.3"
"2020-01-18 19:01:00","3.64","3.611","3.931","3.426","3.799","11127028"
"2020-01-19 19:01:00","3.6","3.613","3.698","3.486","3.611","4361183.4"
"2020-01-20 19:01:00","3.63","3.655","3.682","3.559","3.613","3436318.82"
"2020-01-21 19:01:00","3.66","3.646","3.743","3.586","3.655","4353075.11"
"2020-01-22 19:01:00","3.55","3.574","3.648","3.494","3.646","3521075.39"
"2020-01-23 19:01:00","3.54","3.634","3.704","3.358","3.574","6286452.87"
"2020-01-24 19:01:00","3.56","3.497","3.636","3.493","3.634","3068895.16"
"2020-01-25 19:01:00","3.57","3.65","3.666","3.436","3.497","3807042.89"
"2020-01-26 19:01:00","3.89","3.962","4.056","3.649","3.65","11763648.96"
"2020-01-27 19:01:00","4.01","4.049","4.13","3.884","3.962","9262510.52"
"2020-01-28 19:01:00","4.04","3.962","4.12","3.958","4.049","7391447.08"
"2020-01-29 19:01:00","4.19","4.324","4.393","3.89","3.962","13285737.4"
"2020-01-30 19:01:00","4.18","4.152","4.366","4.025","4.324","11545911.43"
"2020-01-31 19:01:00","4.17","4.158","4.265","4.076","4.152","3722546.17"
"2020-02-01 19:02:00","4.22","4.222","4.338","4.047","4.158","8783393.38"
"2020-02-02 19:02:00","4.26","4.206","4.379","4.135","4.222","8903199.08"
"2020-02-03 19:02:00","4.15","4.228","4.262","4.068","4.206","5567012.1"
"2020-02-04 19:02:00","4.42","4.532","4.585","4.173","4.228","13302857.84"
"2020-02-05 19:02:00","4.55","4.587","4.664","4.436","4.532","8988084.67"
"2020-02-06 19:02:00","4.6","4.589","4.693","4.511","4.587","5850861.54"
"2020-02-07 19:02:00","4.71","4.76","4.844","4.432","4.589","8954248.84"
"2020-02-08 19:02:00","4.94","5.007","5.038","4.758","4.76","8895243.82"
"2020-02-09 19:02:00","4.86","4.897","5.036","4.738","5.007","7695004.31"
"2020-02-10 19:02:00","5.1","5.264","5.307","4.793","4.897","8780256.48"
"2020-02-11 19:02:00","5.36","5.336","5.465","5.261","5.264","13068093.65"
"2020-02-12 19:02:00","5.32","5.359","5.492","5.173","5.336","12345551.1"
"2020-02-13 19:02:00","5.34","5.366","5.428","5.222","5.359","10861230.43"
"2020-02-14 19:02:00","4.85","4.747","5.391","4.505","5.366","24339250.35"
"2020-02-15 19:02:00","4.4","4.387","4.853","4.039","4.747","22566785.45"
"2020-02-16 19:02:00","4.24","4.352","4.414","4.034","4.387","16264542.7"
"2020-02-17 19:02:00","4.49","4.592","4.664","4.261","4.352","14292019.98"
"2020-02-18 19:02:00","4.12","3.976","4.611","3.658","4.592","25909699.62"
"2020-02-19 19:02:00","3.99","4.003","4.058","3.793","3.976","17971598.17"
"2020-02-20 19:02:00","4.08","4.05","4.189","3.953","4.003","9515918.9"
"2020-02-21 19:02:00","4.08","4.121","4.163","3.978","4.05","4714915.98"
"2020-02-22 19:02:00","4.29","4.401","4.412","4.094","4.121","10273197.13"
"2020-02-23 19:02:00","4.13","4.126","4.414","3.919","4.401","10842626.35"
"2020-02-24 19:02:00","4.09","4.08","4.242","3.901","4.126","12309472.44"
"2020-02-25 19:02:00","3.66","3.537","4.109","3.329","4.08","28195381"
"2020-02-26 19:02:00","3.59","3.616","3.737","3.387","3.537","13462953.66"
"2020-02-27 19:02:00","3.51","3.526","3.681","3.354","3.616","8648360.14"
"2020-02-28 19:02:00","3.58","3.521","3.667","3.516","3.526","3770971.32"
"2020-02-29 19:02:00","3.54","3.527","3.657","3.428","3.521","6096409.32"
"2020-03-01 19:03:00","3.66","3.724","3.771","3.499","3.527","7510340.52"
"2020-03-02 19:03:00","3.64","3.635","3.727","3.567","3.724","5895341.52"
"2020-03-03 19:03:00","3.59","3.599","3.679","3.535","3.635","4728773.45"
"2020-03-04 19:03:00","3.73","3.773","3.847","3.599","3.599","7837324.02"
"2020-03-05 19:03:00","3.79","3.849","3.869","3.72","3.773","4026508.12"
"2020-03-06 19:03:00","3.73","3.654","3.855","3.632","3.849","4694414.19"
"2020-03-07 19:03:00","3.27","3.05","3.654","2.996","3.654","18533610.55"
"2020-03-08 20:03:00","3.04","3.067","3.176","2.858","3.05","14243715.88"
"2020-03-09 20:03:00","3.09","3.077","3.161","3","3.067","7500939.88"
"2020-03-10 20:03:00","2.99","3.079","3.117","2.853","3.077","6332312.25"
"2020-03-11 20:03:00","2.24","1.794","3.087","1.701","3.079","45886609.26"
"2020-03-12 20:03:00","1.89","2.123","2.248","1.424","1.794","38721894.25"
"2020-03-13 20:03:00","2.04","1.971","2.139","1.94","2.123","8422933.05"
"2020-03-14 20:03:00","2.04","2.049","2.155","1.951","1.971","6012918.02"
"2020-03-15 20:03:00","1.86","1.901","2.051","1.719","2.049","9259769.67"
"2020-03-16 20:03:00","1.98","1.978","2.042","1.878","1.901","4884413.18"
"2020-03-17 20:03:00","1.95","2.006","2.011","1.878","1.978","4119550.47"
"2020-03-18 20:03:00","2.21","2.286","2.397","1.977","2.006","10006928.67"
"2020-03-19 20:03:00","2.25","2.204","2.526","1.898","2.286","12146787.74"
"2020-03-20 20:03:00","2.23","2.277","2.364","2.112","2.204","4837201.39"
"2020-03-21 20:03:00","2.21","2.136","2.392","2.106","2.277","5447370.43"
"2020-03-22 20:03:00","2.22","2.296","2.351","2.064","2.136","4878800.49"
"2020-03-23 20:03:00","2.33","2.35","2.382","2.283","2.296","2827161.01"
"2020-03-24 20:03:00","2.3","2.297","2.375","2.232","2.35","2844983.55"
"2020-03-25 20:03:00","2.3","2.331","2.342","2.266","2.297","2070862.91"
"2020-03-26 20:03:00","2.29","2.195","2.372","2.193","2.331","5051810.21"
"2020-03-27 20:03:00","2.17","2.206","2.243","2.091","2.195","6049721.28"
"2020-03-28 20:03:00","2.17","2.12","2.217","2.104","2.206","2564755.53"
"2020-03-29 20:03:00","2.22","2.233","2.284","2.115","2.12","2604816.19"
"2020-03-30 20:03:00","2.23","2.217","2.26","2.188","2.233","1536060.03"
"2020-03-31 20:03:00","2.22","2.267","2.3","2.15","2.217","2971245.45"
"2020-04-01 20:04:00","2.34","2.298","2.525","2.256","2.267","7904759.37"
"2020-04-02 20:04:00","2.33","2.334","2.388","2.277","2.298","3408491.2"
"2020-04-03 20:04:00","2.34","2.364","2.404","2.289","2.334","2075592.23"
"2020-04-04 20:04:00","2.35","2.355","2.393","2.32","2.364","2133703.48"
"2020-04-05 20:04:00","2.61","2.766","2.773","2.353","2.355","9525734.26"
"2020-04-06 20:04:00","2.71","2.636","2.83","2.556","2.766","8283426.16"
"2020-04-07 20:04:00","2.72","2.747","2.797","2.589","2.636","6315947.41"
"2020-04-08 20:04:00","2.72","2.728","2.759","2.682","2.747","2155870.68"
"2020-04-09 20:04:00","2.53","2.494","2.746","2.416","2.728","8359156.58"
"2020-04-10 20:04:00","2.5","2.513","2.551","2.427","2.494","2981805.29"
"2020-04-11 20:04:00","2.54","2.502","2.596","2.46","2.513","3048454.26"
"2020-04-12 20:04:00","2.4","2.444","2.502","2.336","2.502","5715622.6"
"2020-04-13 20:04:00","2.46","2.465","2.507","2.419","2.444","1817585.01"
"2020-04-14 20:04:00","2.44","2.404","2.501","2.396","2.465","2487926.84"
"2020-04-15 20:04:00","2.6","2.659","2.723","2.338","2.404","8919951.57"
"2020-04-16 20:04:00","2.63","2.62","2.676","2.586","2.659","2673618.45"
"2020-04-17 20:04:00","2.7","2.733","2.769","2.616","2.62","3386410.19"
"2020-04-18 20:04:00","2.63","2.604","2.738","2.538","2.733","4865772.01"
"2020-04-19 20:04:00","2.58","2.512","2.705","2.442","2.604","7277245.41"
"2020-04-20 20:04:00","2.53","2.523","2.571","2.485","2.512","2768405.93"
"2020-04-21 20:04:00","2.6","2.626","2.659","2.51","2.523","3565261.82"
"2020-04-22 20:04:00","2.67","2.681","2.77","2.585","2.626","4971170.38"
"2020-04-23 20:04:00","2.71","2.709","2.742","2.668","2.681","3011021.36"
"2020-04-24 20:04:00","2.72","2.701","2.804","2.659","2.709","4210140.48"
"2020-04-25 20:04:00","2.72","2.743","2.78","2.676","2.701","2407055.88"
"2020-04-26 20:04:00","2.74","2.745","2.819","2.682","2.743","4831817.52"
"2020-04-27 20:04:00","2.74","2.769","2.779","2.69","2.745","3380788.55"
"2020-04-28 20:04:00","2.91","3.004","3.083","2.755","2.769","12922772.25"
"2020-04-29 20:04:00","2.93","2.825","3.113","2.751","3.004","11239385.29"
"2020-04-30 20:04:00","2.88","2.873","2.932","2.825","2.825","4219323"
"2020-05-01 20:05:00","2.9","2.942","2.949","2.858","2.873","2942464.47"
"2020-05-02 20:05:00","2.89","2.839","3.012","2.772","2.942","4601077.69"
"2020-05-03 20:05:00","2.72","2.772","2.847","2.631","2.839","5879860.27"
"2020-05-04 20:05:00","2.77","2.77","2.829","2.713","2.772","2721585.8"
"2020-05-05 20:05:00","2.75","2.656","2.822","2.621","2.77","3871445.87"
"2020-05-06 20:05:00","2.71","2.764","2.793","2.594","2.656","6370555.46"
"2020-05-07 20:05:00","2.76","2.753","2.824","2.702","2.764","5369996.63"
"2020-05-08 20:05:00","2.79","2.753","2.835","2.735","2.753","3826833.97"
"2020-05-09 20:05:00","2.44","2.449","2.753","2.287","2.753","9075201.99"
"2020-05-10 20:05:00","2.39","2.402","2.493","2.282","2.449","5497749.54"
"2020-05-11 20:05:00","2.44","2.44","2.468","2.397","2.402","2692184.43"
"2020-05-12 20:05:00","2.51","2.522","2.556","2.424","2.44","10242164.73"
"2020-05-13 20:05:00","2.56","2.624","2.65","2.471","2.522","25266888.21"
"2020-05-14 20:05:00","2.6","2.585","2.663","2.533","2.624","34156459.8"
"2020-05-15 20:05:00","2.64","2.632","2.687","2.571","2.585","33116361.21"
"2020-05-16 20:05:00","2.64","2.621","2.671","2.596","2.632","23990010.07"
"2020-05-17 20:05:00","2.68","2.665","2.746","2.61","2.621","27693050.62"
"2020-05-18 20:05:00","2.63","2.654","2.666","2.571","2.665","26822177.35"
"2020-05-19 20:05:00","2.63","2.596","2.678","2.54","2.654","22527834.05"
"2020-05-20 20:05:00","2.53","2.459","2.614","2.409","2.596","25484010.15"
"2020-05-21 20:05:00","2.53","2.594","2.637","2.442","2.459","25593508.02"
"2020-05-22 20:05:00","2.58","2.563","2.622","2.544","2.594","21596092.94"
"2020-05-23 20:05:00","2.57","2.494","2.613","2.494","2.563","18522385.59"
"2020-05-24 20:05:00","2.51","2.527","2.548","2.448","2.494","20616574.35"
"2020-05-25 20:05:00","2.51","2.504","2.536","2.458","2.527","13814398.87"
"2020-05-26 20:05:00","2.52","2.569","2.577","2.501","2.504","5153435.83"
"2020-05-27 20:05:00","2.58","2.613","2.623","2.52","2.569","2520405.36"
"2020-05-28 20:05:00","2.64","2.615","2.671","2.591","2.613","3086437.07"
"2020-05-29 20:05:00","2.7","2.772","2.777","2.6","2.615","2536117.62"
"2020-05-30 20:05:00","2.72","2.675","2.772","2.65","2.772","4453498.37"
"2020-05-31 20:05:00","2.73","2.821","2.836","2.665","2.675","2842011.68"
"2020-06-01 20:06:00","2.75","2.677","2.896","2.62","2.821","7327600.83"
"2020-06-02 20:06:00","2.67","2.695","2.705","2.635","2.677","3179748.13"
"2020-06-03 20:06:00","2.72","2.722","2.748","2.671","2.695","3040492.29"
"2020-06-04 20:06:00","2.79","2.815","2.866","2.711","2.722","4830823.14"
"2020-06-05 20:06:00","2.81","2.798","2.843","2.775","2.815","3031344.81"
"2020-06-06 20:06:00","2.78","2.811","2.826","2.733","2.798","2582482.19"
"2020-06-07 20:06:00","2.78","2.787","2.819","2.755","2.811","1915504.16"
"2020-06-08 20:06:00","2.75","2.753","2.801","2.69","2.787","3798850.94"
"2020-06-09 20:06:00","2.75","2.761","2.782","2.733","2.753","2335379.26"
"2020-06-10 20:06:00","2.6","2.516","2.776","2.452","2.761","6895235.61"
"2020-06-11 20:06:00","2.57","2.598","2.621","2.487","2.516","2652175.76"
"2020-06-12 20:06:00","2.59","2.604","2.619","2.555","2.598","1311592.55"
"2020-06-13 20:06:00","2.56","2.567","2.608","2.529","2.604","1944726.77"
"2020-06-14 20:06:00","2.49","2.533","2.568","2.425","2.567","3881263.03"
"2020-06-15 20:06:00","2.54","2.554","2.566","2.523","2.533","1835108.69"
"2020-06-16 20:06:00","2.57","2.57","2.603","2.521","2.554","2623008.06"
"2020-06-17 20:06:00","2.54","2.538","2.574","2.499","2.57","1644351.52"
"2020-06-18 20:06:00","2.53","2.524","2.547","2.502","2.538","1610782.76"
"2020-06-19 20:06:00","2.51","2.538","2.557","2.465","2.524","2401524.22"
"2020-06-20 20:06:00","2.53","2.516","2.556","2.512","2.538","1228270.99"
"2020-06-21 20:06:00","2.57","2.59","2.608","2.513","2.516","3352062.05"
"2020-06-22 20:06:00","2.58","2.572","2.601","2.558","2.59","1916577.65"
"2020-06-23 20:06:00","2.51","2.501","2.6","2.459","2.572","3913100.19"
"2020-06-24 20:06:00","2.48","2.479","2.53","2.436","2.501","2050483.13"
"2020-06-25 20:06:00","2.46","2.481","2.512","2.387","2.479","1908883.73"
"2020-06-26 20:06:00","2.35","2.332","2.483","2.22","2.481","3357592.44"
"2020-06-27 20:06:00","2.36","2.369","2.425","2.307","2.332","1517197.28"
"2020-06-28 20:06:00","2.37","2.38","2.415","2.325","2.369","1763740.2"
"2020-06-29 20:06:00","2.37","2.369","2.388","2.346","2.38","981117.02"
"2020-06-30 20:06:00","2.38","2.379","2.404","2.357","2.369","1515094.4"
"2020-07-01 20:07:00","2.35","2.36","2.388","2.308","2.379","2327439.77"
"2020-07-02 20:07:00","2.42","2.419","2.456","2.353","2.36","2589253.79"
"2020-07-03 20:07:00","2.46","2.461","2.495","2.416","2.419","2234967.79"
"2020-07-04 20:07:00","2.41","2.411","2.472","2.33","2.461","1771294.72"
"2020-07-05 20:07:00","2.54","2.615","2.639","2.403","2.411","7330681.93"
"2020-07-06 20:07:00","2.57","2.557","2.628","2.526","2.615","2710269.46"
"2020-07-07 20:07:00","2.65","2.683","2.704","2.544","2.557","5406640.18"
"2020-07-08 20:07:00","2.66","2.651","2.728","2.584","2.683","4701279.15"
"2020-07-09 20:07:00","2.61","2.624","2.651","2.575","2.651","2202566.29"
"2020-07-10 20:07:00","2.62","2.621","2.639","2.593","2.624","1026056.91"
"2020-07-11 20:07:00","2.61","2.618","2.656","2.573","2.621","3081128.65"
"2020-07-12 20:07:00","2.58","2.554","2.647","2.457","2.618","5445869.1"
"2020-07-13 20:07:00","2.55","2.56","2.575","2.506","2.554","1886095.52"
"2020-07-14 20:07:00","2.54","2.539","2.567","2.499","2.56","2330737.48"
"2020-07-15 20:07:00","2.49","2.501","2.572","2.441","2.539","3090675.05"
"2020-07-16 20:07:00","2.5","2.497","2.52","2.476","2.501","1075629.14"
"2020-07-17 20:07:00","2.51","2.504","2.519","2.484","2.497","828742.64"
"2020-07-18 20:07:00","2.55","2.585","2.611","2.473","2.504","3026843.17"
"2020-07-19 20:07:00","2.58","2.566","2.616","2.539","2.585","2714458.54"
"2020-07-20 20:07:00","2.61","2.625","2.636","2.56","2.566","2901226.23"
"2020-07-21 20:07:00","2.64","2.667","2.672","2.584","2.625","2998526.18"
"2020-07-22 20:07:00","2.66","2.659","2.692","2.636","2.667","4572675.99"
"2020-07-23 20:07:00","2.61","2.6","2.659","2.578","2.659","2659502.78"
"2020-07-24 20:07:00","2.69","2.731","2.749","2.598","2.6","4426904.06"
"2020-07-25 20:07:00","2.75","2.716","2.805","2.689","2.731","5385264.97"
"2020-07-26 20:07:00","2.8","2.853","2.933","2.649","2.716","12372822.44"
"2020-07-27 20:07:00","2.93","3.004","3.08","2.782","2.853","11267371.92"
"2020-07-28 20:07:00","3.08","3.027","3.153","2.957","3.004","9211601.86"
"2020-07-29 20:07:00","3.03","3.053","3.105","2.962","3.027","4795600.28"
"2020-07-30 20:07:00","3.08","3.096","3.146","3.016","3.053","4769924.2"
"2020-07-31 20:07:00","3.21","3.307","3.328","3.074","3.096","11509141.45"
"2020-08-01 20:08:00","3.08","2.943","3.486","2.614","3.307","18869332.99"
"2020-08-02 20:08:00","3.03","3.048","3.122","2.905","2.943","6707551.74"
"2020-08-03 20:08:00","3.04","3.035","3.1","2.962","3.048","5134676.95"
"2020-08-04 20:08:00","3.05","3.054","3.1","3.005","3.035","4382530.6"
"2020-08-05 20:08:00","3.08","3.089","3.177","3.002","3.054","7549622.09"
"2020-08-06 20:08:00","3.04","3.01","3.246","2.816","3.089","9644396.06"
"2020-08-07 20:08:00","3.03","3.064","3.088","2.975","3.01","3189067.12"
"2020-08-08 20:08:00","3.02","3.03","3.083","2.938","3.064","4943691.41"
"2020-08-09 20:08:00","3.17","3.24","3.297","3.029","3.03","12510371.18"
"2020-08-10 20:08:00","3.08","3.005","3.297","2.886","3.24","11857304.74"
"2020-08-11 20:08:00","3.01","3.025","3.048","2.891","3.005","5394533.26"
"2020-08-12 20:08:00","3.04","3.141","3.149","2.922","3.025","7956440"
"2020-08-13 20:08:00","3.2","3.263","3.296","3.092","3.141","11563865.94"
"2020-08-14 20:08:00","3.56","3.719","3.852","3.263","3.263","31434377.06"
"2020-08-15 20:08:00","3.78","3.884","3.945","3.53","3.719","26191107.89"
"2020-08-16 20:08:00","3.82","3.781","3.915","3.686","3.884","15782664.92"
"2020-08-17 20:08:00","3.67","3.585","3.825","3.547","3.781","10711025.22"
"2020-08-18 20:08:00","3.39","3.351","3.63","3.222","3.585","15325675.43"
"2020-08-19 20:08:00","3.41","3.444","3.463","3.351","3.351","8778065.89"
"2020-08-20 20:08:00","3.44","3.248","3.627","3.233","3.444","18360020.93"
"2020-08-21 20:08:00","3.26","3.367","3.38","3.166","3.248","5333780.4"
"2020-08-22 20:08:00","3.32","3.324","3.386","3.231","3.367","3681100.14"
"2020-08-23 20:08:00","3.38","3.388","3.424","3.29","3.324","4390134.84"
"2020-08-24 20:08:00","3.19","3.126","3.392","3.026","3.388","13674956.39"
"2020-08-25 20:08:00","3.12","3.12","3.168","3.066","3.126","4248702"
"2020-08-26 20:08:00","3","2.981","3.15","2.86","3.12","7964974.96"
"2020-08-27 20:08:00","3.09","3.118","3.177","2.945","2.981","4603527.35"
"2020-08-28 20:08:00","3.16","3.132","3.206","3.088","3.118","6251853.66"
"2020-08-29 20:08:00","3.21","3.265","3.274","3.131","3.132","5560965.71"
"2020-08-30 20:08:00","3.25","3.211","3.297","3.198","3.265","3157255.87"
"2020-08-31 20:08:00","3.38","3.477","3.554","3.156","3.211","10977178.63"
"2020-09-01 20:09:00","3.17","3.106","3.499","2.957","3.477","12023701.28"
"2020-09-02 20:09:00","2.87","2.621","3.16","2.52","3.106","11587210.23"
"2020-09-03 20:09:00","2.95","3.006","3.224","2.59","2.621","10417940.84"
"2020-09-04 20:09:00","2.99","2.937","3.156","2.783","3.006","15530522.2"
"2020-09-05 20:09:00","2.91","2.905","3.028","2.818","2.937","4329961.34"
"2020-09-06 20:09:00","2.81","2.856","2.939","2.672","2.905","6781184.92"
"2020-09-07 20:09:00","2.76","2.767","2.864","2.68","2.856","3998554.72"
"2020-09-08 20:09:00","2.77","2.752","2.815","2.701","2.767","2304112.42"
"2020-09-09 20:09:00","2.79","2.781","2.845","2.746","2.752","4052801.78"
"2020-09-10 20:09:00","2.79","2.788","2.821","2.721","2.781","4095566.04"
"2020-09-11 20:09:00","2.79","2.807","2.83","2.744","2.788","3194115.06"
"2020-09-12 20:09:00","2.74","2.722","2.826","2.676","2.807","3959064.48"
"2020-09-13 20:09:00","2.73","2.731","2.765","2.691","2.722","2655973.36"
"2020-09-14 20:09:00","2.73","2.708","2.784","2.701","2.731","6019674.92"
"2020-09-15 20:09:00","2.67","2.715","2.754","2.591","2.708","5200775.05"
"2020-09-16 20:09:00","2.74","2.741","2.779","2.699","2.715","3349724.48"
"2020-09-17 20:09:00","2.72","2.694","2.755","2.656","2.741","3898505.07"
"2020-09-18 20:09:00","2.71","2.706","2.737","2.684","2.694","1785950.95"
"2020-09-19 20:09:00","2.67","2.672","2.706","2.627","2.706","1350386.19"
"2020-09-20 20:09:00","2.56","2.507","2.69","2.503","2.672","2587752.57"
"2020-09-21 20:09:00","2.55","2.574","2.587","2.496","2.507","1332812.43"
"2020-09-22 20:09:00","2.48","2.442","2.58","2.393","2.574","2493401.11"
"2020-09-23 20:09:00","2.54","2.535","2.671","2.518","2.441","7864146.11"
"2020-09-24 20:09:00","2.52","2.548","2.563","2.467","2.535","2729647.59"
"2020-09-25 20:09:00","2.57","2.569","2.608","2.511","2.548","1749738.42"
"2020-09-26 20:09:00","2.57","2.591","2.603","2.53","2.569","1249202.05"
"2020-09-27 20:09:00","2.6","2.564","2.634","2.557","2.591","2215222.52"
"2020-09-28 20:09:00","2.58","2.602","2.604","2.558","2.564","1265852.95"
"2020-09-29 20:09:00","2.58","2.578","2.603","2.558","2.602","1223667.33"
"2020-09-30 20:09:00","2.58","2.548","2.628","2.492","2.578","4102023.09"
"2020-10-01 20:10:00","2.48","2.481","2.556","2.421","2.548","3385414.27"
"2020-10-02 20:10:00","2.49","2.48","2.505","2.473","2.481","737179.41"
"2020-10-03 20:10:00","2.51","2.519","2.535","2.468","2.48","1291333.05"
"2020-10-04 20:10:00","2.52","2.529","2.54","2.494","2.519","1222123.02"
"2020-10-05 20:10:00","2.75","2.696","2.975","2.49","2.529","20002561.57"
"2020-10-06 20:10:00","2.65","2.647","2.717","2.594","2.696","6545487.65"
"2020-10-07 20:10:00","2.6","2.61","2.657","2.507","2.647","7206102.04"
"2020-10-08 20:10:00","2.63","2.646","2.658","2.585","2.61","2566192.53"
"2020-10-09 20:10:00","2.69","2.642","2.721","2.638","2.646","3508190.4"
"2020-10-10 20:10:00","2.66","2.66","2.689","2.62","2.642","2049131.37"
"2020-10-11 20:10:00","2.66","2.647","2.686","2.613","2.66","3178916.73"
"2020-10-12 20:10:00","2.64","2.64","2.664","2.613","2.647","936244.99"
"2020-10-13 20:10:00","2.61","2.611","2.653","2.586","2.64","1516207.85"
"2020-10-14 20:10:00","2.6","2.599","2.631","2.585","2.611","2508049.68"
"2020-10-15 20:10:00","2.56","2.538","2.612","2.496","2.599","3152311.92"
"2020-10-16 20:10:00","2.53","2.526","2.55","2.508","2.538","977568.02"
"2020-10-17 20:10:00","2.54","2.548","2.556","2.521","2.526","782384.77"
"2020-10-18 20:10:00","2.57","2.584","2.612","2.527","2.548","1506434.57"
"2020-10-19 20:10:00","2.54","2.529","2.586","2.506","2.584","1580234.74"
"2020-10-20 20:10:00","2.61","2.612","2.659","2.525","2.529","5353044.99"
"2020-10-21 20:10:00","2.67","2.671","2.706","2.611","2.612","3632799.43"
"2020-10-22 20:10:00","2.65","2.642","2.685","2.603","2.671","1953813.15"
"2020-10-23 20:10:00","2.65","2.663","2.673","2.618","2.642","1094223.55"
"2020-10-24 20:10:00","2.69","2.709","2.741","2.622","2.663","2474562.95"
"2020-10-25 20:10:00","2.68","2.633","2.749","2.596","2.709","3115207.9"
"2020-10-26 20:10:00","2.66","2.672","2.696","2.629","2.633","1520389.46"
"2020-10-27 20:10:00","2.68","2.655","2.746","2.625","2.672","1908172.69"
"2020-10-28 20:10:00","2.64","2.638","2.677","2.605","2.655","1553394.72"
"2020-10-29 20:10:00","2.52","2.51","2.646","2.422","2.638","5554657.69"
"2020-10-30 20:10:00","2.53","2.527","2.557","2.5","2.51","3404591.59"
"2020-10-31 20:10:00","2.51","2.518","2.541","2.463","2.527","1911709.43"
"2020-11-01 19:11:00","2.46","2.435","2.549","2.41","2.518","2900478.06"
"2020-11-02 19:11:00","2.34","2.368","2.443","2.264","2.435","2698833.59"
"2020-11-03 19:11:00","2.34","2.35","2.375","2.295","2.368","1111659.09"
"2020-11-04 19:11:00","2.41","2.442","2.49","2.35","2.35","2167310.2"
"2020-11-05 19:11:00","2.49","2.534","2.544","2.439","2.442","2265449.41"
"2020-11-06 19:11:00","2.56","2.501","2.625","2.459","2.534","2513841.58"
"2020-11-07 19:11:00","2.53","2.539","2.563","2.49","2.501","939655.78"
"2020-11-08 19:11:00","2.52","2.497","2.559","2.463","2.539","1297023.54"
"2020-11-09 19:11:00","2.5","2.501","2.528","2.481","2.497","1104024.22"
"2020-11-10 19:11:00","2.51","2.502","2.541","2.496","2.501","2273998.82"
"2020-11-11 19:11:00","2.47","2.462","2.505","2.438","2.502","2398938.21"
"2020-11-12 19:11:00","2.57","2.598","2.642","2.459","2.462","4794707.3"
"2020-11-13 19:11:00","2.54","2.538","2.606","2.497","2.598","2822232.86"
"2020-11-14 19:11:00","2.5","2.498","2.547","2.469","2.538","1886578.7"
"2020-11-15 19:11:00","2.57","2.584","2.607","2.487","2.498","3920099.94"
"2020-11-16 19:11:00","2.68","2.718","2.755","2.578","2.584","9696820.59"
"2020-11-17 19:11:00","2.61","2.64","2.734","2.451","2.718","8942433.4"
"2020-11-18 19:11:00","2.63","2.638","2.699","2.562","2.64","5038343.93"
"2020-11-19 19:11:00","2.75","2.782","2.828","2.637","2.638","10592233.02"
"2020-11-20 19:11:00","3","3.228","3.254","2.695","2.782","29783885.94"
"2020-11-21 19:11:00","3.08","3.063","3.3","2.909","3.228","20189048.71"
"2020-11-22 19:11:00","3.24","3.379","3.397","2.99","3.063","27390598.16"
"2020-11-23 19:11:00","3.53","3.594","3.766","3.335","3.379","50819564.67"
"2020-11-24 19:11:00","3.58","3.427","3.888","3.302","3.594","38486196.54"
"2020-11-25 19:11:00","3.01","2.958","3.526","2.714","3.427","36469246.79"
"2020-11-26 19:11:00","2.89","2.876","3.033","2.76","2.958","12094519.56"
"2020-11-27 19:11:00","2.97","2.998","3.073","2.829","2.876","10153152.92"
"2020-11-28 19:11:00","2.99","3.034","3.099","2.908","2.998","7422207.81"
"2020-11-29 19:11:00","3.15","3.261","3.283","3","3.034","17661090.18"
"2020-11-30 19:11:00","3.13","2.999","3.337","2.924","3.261","20662128.97"
"2020-12-01 19:12:00","3.03","3.061","3.086","2.97","2.999","4932777.37"
"2020-12-02 19:12:00","3.08","3.085","3.136","3.013","3.061","4515650.73"
"2020-12-03 19:12:00","2.98","2.847","3.139","2.8","3.085","9643118.86"
"2020-12-04 19:12:00","2.93","3.012","3.013","2.824","2.847","3254128.01"
"2020-12-05 19:12:00","2.97","2.955","3.034","2.913","3.012","1919690.14"
